model,phenomenon,layer,metric,n,spearman_rho,spearman_p,spearman_ci_lo,spearman_ci_hi,pearson_r,pearson_p,pearson_ci_lo,pearson_ci_hi,spearman_q,pearson_q
mistralai/Mistral-7B-Instruct-v0.3,negation,0,delta_cos,1500,0.055290736516864926,0.03225357072113791,0.009971720749882064,0.0988028851393895,0.06742993327463094,0.00899230571661714,0.021312699194729813,0.10623652685635429,0.046785399287804445,0.012695019835224197
mistralai/Mistral-7B-Instruct-v0.3,negation,0,delta_frob,1500,0.1750235715974606,8.747678784641508e-12,0.12209970263276504,0.21699212368843307,0.14088759233396497,4.2687885304793204e-08,0.08016733391030775,0.17967810677190588,2.3093871991453583e-11,1.1618146103572583e-07
mistralai/Mistral-7B-Instruct-v0.3,negation,0,delta_l2,1500,0.0452801231646634,0.07957989201216945,-0.006815048953924633,0.09369274254164442,0.1047308918427134,4.823694515086321e-05,0.04591096643938251,0.15055748318325557,0.10885539632752711,0.00010027207495927471
mistralai/Mistral-7B-Instruct-v0.3,negation,0,delta_token_aligned,1500,0.06550238797076555,0.011164510822361084,0.016864688976376448,0.12058595547180864,-0.04366160087617107,0.09095089491142389,-0.07006484900241396,0.08402296102045502,0.016842462040590436,0.10767280832563186
mistralai/Mistral-7B-Instruct-v0.3,negation,1,delta_cos,1500,0.06731465122604662,0.00911075102265072,0.015537159378020525,0.10734478477735658,0.07436363065400729,0.003955604917984946,0.025134055268096228,0.11679261462366167,0.013823208448159714,0.006179169812710211
mistralai/Mistral-7B-Instruct-v0.3,negation,1,delta_frob,1500,0.0873300183644771,0.0007093801294214574,0.032504910381829746,0.13480723311819193,0.15620244029144936,1.186778645255772e-09,0.09832204373861912,0.1968529939619756,0.001192843020173661,4.233913004696268e-09
mistralai/Mistral-7B-Instruct-v0.3,negation,1,delta_l2,1500,0.0273195725122295,0.2903300872256374,-0.03122724931648409,0.07503577696075857,0.08906046665908121,0.000553802582014536,0.03334361305435096,0.1355695138882688,0.3483961046707649,0.0009493758548820618
mistralai/Mistral-7B-Instruct-v0.3,negation,1,delta_token_aligned,1500,-0.05812124407958858,0.02438220797880507,-0.10292194086552546,-0.004875859477709339,-0.11353081704179725,1.0451205878485989e-05,-0.15526509453764692,-0.06111911931814073,0.03596035143242759,2.399233349495914e-05
mistralai/Mistral-7B-Instruct-v0.3,negation,2,delta_cos,1500,0.09340527894271812,0.00029179557486921735,0.03538878419721046,0.13268766456985734,0.11210541812460348,1.3494485697750512e-05,0.06001484050123218,0.1576826410404815,0.0005463406508189601,3.0449095933385773e-05
mistralai/Mistral-7B-Instruct-v0.3,negation,2,delta_frob,1500,0.151249747999552,3.935273901142721e-09,0.09848955969767534,0.19597229998133023,0.18034459727016913,1.9689624896205663e-12,0.12753909693628424,0.22404414807937684,9.801059527374323e-09,9.807662212449613e-12
mistralai/Mistral-7B-Instruct-v0.3,negation,2,delta_l2,1500,0.10291353406850501,6.521295072053362e-05,0.04909418645046624,0.1465041612807607,0.1273485656198394,7.488905428869096e-07,0.07338675485990878,0.17323109716152701,0.0001388404757275877,1.7652419939477155e-06
mistralai/Mistral-7B-Instruct-v0.3,negation,2,delta_token_aligned,1500,-0.09152751047700873,0.00038619486948981464,-0.13858079607887996,-0.04366667798772181,-0.1131169272838062,1.1259789194893331e-05,-0.15937749212912738,-0.06165199617218491,0.0006888881455764262,2.562572713320551e-05
mistralai/Mistral-7B-Instruct-v0.3,negation,3,delta_cos,1500,0.060063779668941636,0.01999607832019822,0.005152005258659897,0.10407761326942179,0.08866404013313049,0.0005863454056438536,0.035067372388258765,0.1344920225256278,0.029657104924338932,0.0009986786263869508
mistralai/Mistral-7B-Instruct-v0.3,negation,3,delta_frob,1500,0.12559449172354084,1.0633818663686257e-06,0.07794229270157232,0.17415568292991448,0.16725295646828253,7.113531954838477e-11,0.12055848741778231,0.2129755699826826,2.5755303919386895e-06,2.8029439344438176e-10
mistralai/Mistral-7B-Instruct-v0.3,negation,3,delta_l2,1500,0.03996708971927061,0.121803815890665,-0.010549723218718122,0.0843304837994371,0.07532730154320827,0.0035101006667279592,0.022869945449204426,0.12145359868901927,0.1607810369756778,0.005515872476286793
mistralai/Mistral-7B-Instruct-v0.3,negation,3,delta_token_aligned,1500,-0.08797827241840957,0.0006468727752688636,-0.13516078106843582,-0.04016518847023916,-0.11545656244345519,7.364080731538319e-06,-0.160136721631173,-0.06428472285771487,0.0010947077735319229,1.705366064145716e-05
mistralai/Mistral-7B-Instruct-v0.3,negation,4,delta_cos,1500,0.07085920558691984,0.006041343150943616,0.019578706846633646,0.11747046433124392,0.09839009414465923,0.0001352380456073769,0.041469700203296975,0.14201413031346055,0.009219159490457311,0.00025321165986062056
mistralai/Mistral-7B-Instruct-v0.3,negation,4,delta_frob,1500,0.10454127029559164,4.979004476377325e-05,0.05460713647210482,0.15087817325602218,0.12889416289852498,5.477205568993353e-07,0.07339237302262365,0.1760925617152557,0.0001077423919478372,1.3145293365584048e-06
mistralai/Mistral-7B-Instruct-v0.3,negation,4,delta_l2,1500,0.056118599721020665,0.02975286295675254,0.0053123447961650385,0.10342937088631257,0.08808314725316498,0.0006372548597152545,0.033347403363507715,0.1325707111304329,0.04363753233657039,0.0010784313010565845
mistralai/Mistral-7B-Instruct-v0.3,negation,4,delta_token_aligned,1500,-0.08461981249592503,0.0010363641799885086,-0.13189483839515895,-0.03195692942657216,-0.10401305904920348,5.4369867359927067e-05,-0.15205457388240257,-0.05124552110171443,0.001710000896981039,0.00011126856575985073
mistralai/Mistral-7B-Instruct-v0.3,negation,5,delta_cos,1500,0.06416021453066,0.012940452091323293,0.01475262459650491,0.10542005214402049,0.09638835266697596,0.00018497381407300064,0.03264087426174987,0.14122527819162634,0.019410678136984938,0.00034149011828861654
mistralai/Mistral-7B-Instruct-v0.3,negation,5,delta_frob,1500,0.1084044878302006,2.5833499121551162e-05,0.058571633956486006,0.15803798103763178,0.1407935802860624,4.358790868741598e-08,0.0806555809000556,0.1866717736470922,5.7311292168819385e-05,1.1742048870895732e-07
mistralai/Mistral-7B-Instruct-v0.3,negation,5,delta_l2,1500,0.029725450178578094,0.24991485261638058,-0.022641648489482823,0.07622060324989885,0.07555989182282769,0.003409645860204001,0.019229784516713342,0.12445266096495343,0.3026491793152499,0.005390098844873391
mistralai/Mistral-7B-Instruct-v0.3,negation,5,delta_token_aligned,1500,-0.09159371165567522,0.0003824307606211857,-0.13910014638756776,-0.03724170792381721,-0.09882828601520013,0.0001261783826442964,-0.15038787799254805,-0.04420411996376921,0.0006868144272380477,0.00023793637870067326
mistralai/Mistral-7B-Instruct-v0.3,negation,6,delta_cos,1500,0.03736029397385596,0.14810524241459425,-0.019250085203745358,0.08805147501305602,0.07795857424857132,0.002516048891130823,0.019340573153789526,0.12137279932215939,0.18708030620790853,0.0041002278225835635
mistralai/Mistral-7B-Instruct-v0.3,negation,6,delta_frob,1500,0.04617180119431323,0.07382622624099419,-0.009442510108958342,0.09988370277835829,0.09434900396156806,0.00025296431329830706,0.03427491551689273,0.13765789265814135,0.10257959856643405,0.0004512336399375207
mistralai/Mistral-7B-Instruct-v0.3,negation,6,delta_l2,1500,0.011737208421703862,0.6496727849098045,-0.042181262919163645,0.05836475101948875,0.0635398622130478,0.013842525324277152,0.0034344075628893436,0.11621289553799051,0.6915871581297919,0.01809122121588697
mistralai/Mistral-7B-Instruct-v0.3,negation,6,delta_token_aligned,1500,-0.09946904824671052,0.00011395394725290167,-0.14572093364692648,-0.050582061217337174,-0.08798732106057883,0.0006460376514224784,-0.14581166499249973,-0.03338080932398197,0.00022964764942569498,0.0010863308278696452
mistralai/Mistral-7B-Instruct-v0.3,negation,7,delta_cos,1500,0.018689654692290333,0.4694913241096237,-0.033557402027016736,0.06977261288060299,0.07101845895167726,0.005928407892729534,0.01234401291685947,0.11784939919494904,0.5251936845972062,0.008743573651846909
mistralai/Mistral-7B-Instruct-v0.3,negation,7,delta_frob,1500,0.02613322334795262,0.3117942326115181,-0.02303922356145856,0.08115363476854758,0.09047951043337021,0.0004505847424307778,0.03144564280049375,0.135133357242291,0.3674717741492892,0.0007825945526429299
mistralai/Mistral-7B-Instruct-v0.3,negation,7,delta_l2,1500,-0.019641279362274423,0.4471693270527908,-0.0705639263424601,0.03548589693408201,0.03058086765925353,0.23653921549150592,-0.02963984413973247,0.0839665889613928,0.5027867319826617,0.2591134974678737
mistralai/Mistral-7B-Instruct-v0.3,negation,7,delta_token_aligned,1500,-0.08852799035819128,0.0005979176855716493,-0.13056416581743663,-0.037083523178121754,-0.09014779501784906,0.000472965876682246,-0.14410370172465012,-0.03453673944922891,0.0010183888321994542,0.0008160979832948559
mistralai/Mistral-7B-Instruct-v0.3,negation,8,delta_cos,1500,-0.001382530457831925,0.9573330829930392,-0.0533333227322512,0.048639891208394195,0.05570514492565122,0.030980147049509972,-0.006257234399011668,0.10639106295029319,0.9609731327382599,0.038946470576526816
mistralai/Mistral-7B-Instruct-v0.3,negation,8,delta_frob,1500,0.0035715050160089177,0.8900753046694002,-0.046608546593397866,0.058853451888680706,0.078420281489529,0.002370861290085806,0.020024220113950143,0.1279195927721639,0.9018795585767341,0.0038876234818798305
mistralai/Mistral-7B-Instruct-v0.3,negation,8,delta_l2,1500,-0.034646148704264364,0.17988033895648034,-0.0841030775792538,0.022081186045981943,0.01820492732508519,0.48109380957825004,-0.0429217895383513,0.0731407401831316,0.2242853174462335,0.4980735910927765
mistralai/Mistral-7B-Instruct-v0.3,negation,8,delta_token_aligned,1500,-0.10106890648636137,8.812268740245884e-05,-0.14658567476364237,-0.05056626499622716,-0.09086269942866797,0.00042596112347463865,-0.14335067124438364,-0.03615774190666993,0.00018318416908857585,0.0007447267324324808
mistralai/Mistral-7B-Instruct-v0.3,negation,9,delta_cos,1500,-0.01551669969558488,0.5481768231002324,-0.06675686171120272,0.03207766410273612,0.047070357059711125,0.06837649660105558,-0.01813384456309409,0.0980633344335274,0.6029945054102556,0.082426461656067
mistralai/Mistral-7B-Instruct-v0.3,negation,9,delta_frob,1500,-0.016660210951486138,0.519086597012025,-0.0675972858787488,0.037282661704093396,0.06395820177906578,0.013228329340493398,0.0019436977970243943,0.1159294606692371,0.5733843582057514,0.017461394729451286
mistralai/Mistral-7B-Instruct-v0.3,negation,9,delta_l2,1500,-0.049708077703249254,0.05425807185232568,-0.100712024722377,0.002397975129946163,0.010670355263142011,0.6796591309721723,-0.05171421541972464,0.06216972566046457,0.07827393972138787,0.6874713048913927
mistralai/Mistral-7B-Instruct-v0.3,negation,9,delta_token_aligned,1500,-0.11021323595542969,1.8856301688817246e-05,-0.15424900827473662,-0.06275076975669037,-0.09513972866842102,0.00022421276155064115,-0.14406539533554552,-0.040723327229086274,4.218698004955723e-05,0.00040822185551289144
mistralai/Mistral-7B-Instruct-v0.3,negation,10,delta_cos,1500,-0.026164526700772996,0.3112147823125078,-0.07804316193826412,0.022477618371284598,0.04043426883750814,0.11750153638886393,-0.022463060212761562,0.09553033253632132,0.3674717741492892,0.13544909535917654
mistralai/Mistral-7B-Instruct-v0.3,negation,10,delta_frob,1500,-0.012130880232675969,0.638746178759232,-0.05884051823959557,0.04428548151634196,0.061279929254575476,0.017614962528907825,0.0011693581903350877,0.11474632811396271,0.6854837040342977,0.02279583386093954
mistralai/Mistral-7B-Instruct-v0.3,negation,10,delta_l2,1500,-0.037414509181349656,0.14751728922195653,-0.09157111509595217,0.015735783770716202,0.008072758929396597,0.7547357510256251,-0.054582908462219075,0.06118850440979621,0.18708030620790853,0.7604970926365077
mistralai/Mistral-7B-Instruct-v0.3,negation,10,delta_token_aligned,1500,-0.09093369524198033,0.0004215390944317861,-0.1336004858080979,-0.04339221097562846,-0.09443359472019128,0.0002497310884345624,-0.1447321267400451,-0.03904108897888351,0.000746888059932829,0.0004484966486171733
mistralai/Mistral-7B-Instruct-v0.3,negation,11,delta_cos,1500,-0.036965541797806464,0.1524402978236841,-0.09075348154608708,0.013913543775596698,0.033737033829903076,0.1915824297471814,-0.028142430197124913,0.08871618983487634,0.1916392315497743,0.21365044031391264
mistralai/Mistral-7B-Instruct-v0.3,negation,11,delta_frob,1500,-0.019624553981763028,0.447556371272445,-0.06793436452277442,0.03561342796425903,0.05099230333065512,0.04831791672749295,-0.010562488480847319,0.10341292037241254,0.5027867319826617,0.059607149607748315
mistralai/Mistral-7B-Instruct-v0.3,negation,11,delta_l2,1500,-0.022770344480612412,0.37817131328870784,-0.07467158997734427,0.02877334039655216,0.012875734911802706,0.6182867019396461,-0.04873674796824769,0.0646094884359979,0.4359704223066326,0.6302227386566276
mistralai/Mistral-7B-Instruct-v0.3,negation,11,delta_token_aligned,1500,-0.09933264225953689,0.00011645884474422981,-0.14399073482533475,-0.05279606897491198,-0.09966926823959898,0.00011036898664377471,-0.1478649200649544,-0.04570233071549876,0.00023291768948845962,0.0002111406701011342
mistralai/Mistral-7B-Instruct-v0.3,negation,12,delta_cos,1500,-0.022095641058917436,0.39246728934820074,-0.07411975479994734,0.02546961527796686,0.042119795699755186,0.1029628447870614,-0.02359387538860809,0.09227915049496946,0.45048419299097825,0.11940054434260944
mistralai/Mistral-7B-Instruct-v0.3,negation,12,delta_frob,1500,0.007140066026784048,0.782312620204148,-0.041786831837489775,0.06192771662183221,0.07221946253904035,0.005136114611715209,0.012411288479364211,0.12411323445609763,0.8099236538584121,0.007704171917572813
mistralai/Mistral-7B-Instruct-v0.3,negation,12,delta_l2,1500,-0.014371794438745669,0.5780865096404357,-0.06822423813271486,0.036763737068889885,0.02209742104781338,0.39242914846420746,-0.036986946943235975,0.07481145080687704,0.6280446030661524,0.4177471580425434
mistralai/Mistral-7B-Instruct-v0.3,negation,12,delta_token_aligned,1500,-0.07859545004932177,0.002317813334969955,-0.12443988843157901,-0.029436519148231702,-0.0941880478324863,0.00025922495382475584,-0.14279441332313075,-0.03878917697659231,0.0036422780978099295,0.0004562359187315703
mistralai/Mistral-7B-Instruct-v0.3,negation,13,delta_cos,1500,-0.02023443241676874,0.43356659754151256,-0.07592978495531287,0.02801318317071911,0.03962443456832448,0.12503683211943845,-0.027776186874538415,0.09265945639987233,0.4912514238238597,0.14228329172211962
mistralai/Mistral-7B-Instruct-v0.3,negation,13,delta_frob,1500,0.004313308997604165,0.8674367331739391,-0.04571515546176308,0.056429665790030344,0.06654711503544614,0.00993543952233794,0.006280794452033582,0.11929512825005324,0.8841826160537448,0.013661229343214667
mistralai/Mistral-7B-Instruct-v0.3,negation,13,delta_l2,1500,-0.011916095850837067,0.6446981357371286,-0.06316135216270534,0.039318649357458775,0.02142252456749208,0.40705106271419633,-0.04002833098763268,0.07479680461474657,0.6890700722048663,0.4315722110704732
mistralai/Mistral-7B-Instruct-v0.3,negation,13,delta_token_aligned,1500,-0.07993494891473475,0.0019467039099382757,-0.12599941111674814,-0.02797306285898884,-0.09627098348936255,0.00018836751402387226,-0.14451218559126416,-0.04140921164900965,0.0030774241450521244,0.0003453404423770991
mistralai/Mistral-7B-Instruct-v0.3,negation,14,delta_cos,1500,-0.015262932022990262,0.5547399294923958,-0.07131323400256538,0.03715999936798048,0.04019372235370269,0.11970162120075999,-0.02770366053177181,0.0904904172584638,0.6076819144646991,0.13680185280086854
mistralai/Mistral-7B-Instruct-v0.3,negation,14,delta_frob,1500,0.0093807242240602,0.7165906940699732,-0.04103190554022972,0.06255871771582239,0.06822485162328198,0.008212299019700393,0.0047975715210417935,0.12258375134833285,0.7567197729378917,0.011782863810874478
mistralai/Mistral-7B-Instruct-v0.3,negation,14,delta_l2,1500,2.914138514024025e-05,0.9991002256927976,-0.0533829129166458,0.049784379593337875,0.027528427358795043,0.2866567334817582,-0.037175824194099094,0.08100532372780161,0.9991002256927976,0.3088872556701394
mistralai/Mistral-7B-Instruct-v0.3,negation,14,delta_token_aligned,1500,-0.07695612814124649,0.0028596358553759256,-0.12246339545268266,-0.027542369734800943,-0.09686113452409467,0.00017187639942341278,-0.14310862063584204,-0.044519371643021645,0.004440846269524967,0.00031954485526606316
mistralai/Mistral-7B-Instruct-v0.3,negation,15,delta_cos,1500,-0.03282430724321288,0.2038843311443617,-0.0853871715275615,0.02158197229647451,0.020377923956413718,0.43031218895481743,-0.04697465770736754,0.07818539861612507,0.2515208571126705,0.4508032455717135
mistralai/Mistral-7B-Instruct-v0.3,negation,15,delta_frob,1500,-0.004569195678570096,0.8596516767255962,-0.05444222379964457,0.05114156348739123,0.05755764849505492,0.025801404449569933,-0.0072209213487776204,0.11236137891614739,0.879643576184331,0.03274793641676184
mistralai/Mistral-7B-Instruct-v0.3,negation,15,delta_l2,1500,-0.01853444717235053,0.47318947706450454,-0.065881628601516,0.03457660470731059,0.007145609730313492,0.7821478612387736,-0.05534818273202032,0.06264173911320602,0.527097139008562,0.7851218074792251
mistralai/Mistral-7B-Instruct-v0.3,negation,15,delta_token_aligned,1500,-0.0935534972607755,0.0002853484014299271,-0.13655355489665802,-0.045033258494452166,-0.10497604675921496,4.629693255539166e-05,-0.15158644247408823,-0.053333202672017646,0.0005380855569821482,9.700309678272537e-05
mistralai/Mistral-7B-Instruct-v0.3,negation,16,delta_cos,1500,-0.03835654846217717,0.13758337558356978,-0.09024986402564875,0.018470915111912324,0.014279642168650675,0.5805268720511638,-0.05548452238291879,0.07157592971851419,0.17804907428461972,0.5940274969825862
mistralai/Mistral-7B-Instruct-v0.3,negation,16,delta_frob,1500,-0.009044197411906511,0.726342146012963,-0.06272984173669077,0.04330930853579662,0.05164429079953942,0.045517338079422084,-0.019257368429820242,0.10501381215594534,0.7639614603482958,0.056415855647734416
mistralai/Mistral-7B-Instruct-v0.3,negation,16,delta_l2,1500,-0.01672546262304466,0.5174509781748274,-0.06627121047106065,0.03296779146709271,0.00570238756983471,0.8253492359843384,-0.05493343165173817,0.058428871556957473,0.5733843582057514,0.8253492359843384
mistralai/Mistral-7B-Instruct-v0.3,negation,16,delta_token_aligned,1500,-0.09488755445972363,0.00023303126190745877,-0.13544968666481097,-0.04616113308319689,-0.10530311171505616,4.382359606993945e-05,-0.152498317934864,-0.05233829747114944,0.0004490529426537892,9.255543489971212e-05
mistralai/Mistral-7B-Instruct-v0.3,negation,17,delta_cos,1500,-0.02505901699380799,0.3321089204728601,-0.07813733823777819,0.028316355273463514,0.016880183424909535,0.5135833764017709,-0.05102803411607269,0.07560577319620357,0.387950243384226,0.5296328569143263
mistralai/Mistral-7B-Instruct-v0.3,negation,17,delta_frob,1500,-0.0046373486886198915,0.8575804641268879,-0.059501074065242895,0.05095119328180514,0.04816782441513877,0.06217310606059917,-0.024154318320171873,0.10305295765694918,0.879643576184331,0.07563917050690405
mistralai/Mistral-7B-Instruct-v0.3,negation,17,delta_l2,1500,-0.006178428805586705,0.8110339998473529,-0.052271674042706245,0.04349113341820918,0.011570414809336717,0.6543252239306132,-0.0428369149699373,0.06482523478734885,0.8363788123425827,0.664391765837238
mistralai/Mistral-7B-Instruct-v0.3,negation,17,delta_token_aligned,1500,-0.09178713099544726,0.0003716285184519686,-0.1337662235282657,-0.04143651926937939,-0.10200851514746817,7.56409715380979e-05,-0.14942659135190656,-0.04759643017038472,0.0006719858141871214,0.00014902400362729734
mistralai/Mistral-7B-Instruct-v0.3,negation,18,delta_cos,1500,-0.02071008126236669,0.4228333980822202,-0.07604439642988094,0.03418049224312382,0.021291156336747927,0.40993449670925486,-0.04647592530759298,0.07980722735241136,0.4811552460935609,0.4328908285249731
mistralai/Mistral-7B-Instruct-v0.3,negation,18,delta_frob,1500,-0.007788287616699507,0.7631154484963736,-0.06482927409647037,0.04896068298688347,0.04212716483956161,0.10290257294703446,-0.03175285007752239,0.0984077771302596,0.7931593637915064,0.11940054434260944
mistralai/Mistral-7B-Instruct-v0.3,negation,18,delta_l2,1500,0.01478546272971152,0.5671916338080636,-0.03601536383593421,0.06313232554151613,0.03372053689986335,0.19179982709998974,-0.018253231186053834,0.08738275991478223,0.6187545096087966,0.21365044031391264
mistralai/Mistral-7B-Instruct-v0.3,negation,18,delta_token_aligned,1500,-0.08086101396528005,0.001722903261129956,-0.12393982984046945,-0.029806403193746396,-0.10290479237027542,6.530683463840438e-05,-0.14985671078072024,-0.050102401814548385,0.0027566452178079295,0.00013161072018731874
mistralai/Mistral-7B-Instruct-v0.3,negation,19,delta_cos,1500,-0.008067897009594685,0.7548787302375354,-0.0641632080874531,0.048785356131539316,0.03560635480552192,0.16810586625914956,-0.03530109808142894,0.09384604184446362,0.7876995445956891,0.18965790039493796
mistralai/Mistral-7B-Instruct-v0.3,negation,19,delta_frob,1500,-0.0035206462589266827,0.8916309272292712,-0.062209296362592245,0.04985199481985339,0.04945498823977571,0.055497797056180444,-0.02478730618747931,0.10570054818246412,0.9018795585767341,0.06814613219921692
mistralai/Mistral-7B-Instruct-v0.3,negation,19,delta_l2,1500,0.02581384855795299,0.31774669779338766,-0.024456300723841324,0.0779775641167474,0.04932365794224248,0.05615033799887244,-0.0037960901769577655,0.10303448026238492,0.37282279207757485,0.06862819088751075
mistralai/Mistral-7B-Instruct-v0.3,negation,19,delta_token_aligned,1500,-0.08108365179495673,0.001672747435474067,-0.12398349848280969,-0.028467211733340755,-0.10258765718221498,6.880051174112736e-05,-0.14949404354217485,-0.05082680425428164,0.002692715383933864,0.00013760102348225471
mistralai/Mistral-7B-Instruct-v0.3,negation,20,delta_cos,1500,0.0025824330354365073,0.92039673258573,-0.04916242650838778,0.06095669406354212,0.051917703986450646,0.04438425421030598,-0.016605720828014158,0.10722662925802116,0.9274226618421095,0.05527095807321122
mistralai/Mistral-7B-Instruct-v0.3,negation,20,delta_frob,1500,0.00834486105753077,0.7467472948056583,-0.049570708162275406,0.06608499999200565,0.06719080234149284,0.009239546723895709,-0.004150603496705729,0.12085372827511312,0.7823066897964039,0.012906033519092417
mistralai/Mistral-7B-Instruct-v0.3,negation,20,delta_l2,1500,0.03237701755914233,0.2101184910483008,-0.016315498242732217,0.07946141550578217,0.06600125484682796,0.010561720706268395,0.012229981930546993,0.11761643483325719,0.25800596110116936,0.014447120551579564
mistralai/Mistral-7B-Instruct-v0.3,negation,20,delta_token_aligned,1500,-0.08123737244556452,0.0016389042225564642,-0.12420166558460931,-0.027951111414291074,-0.10152805177708558,8.179852194417103e-05,-0.14776942600110746,-0.050254497288794345,0.002654421562913537,0.00015878536612692025
mistralai/Mistral-7B-Instruct-v0.3,negation,21,delta_cos,1500,0.012480349298398754,0.6291115682043041,-0.037205224688086014,0.0695520711136442,0.05624548982352118,0.029384682871761263,-0.012417007659984578,0.11237967128704558,0.6778998122691278,0.0371174941538037
mistralai/Mistral-7B-Instruct-v0.3,negation,21,delta_frob,1500,0.013373762442244344,0.6047688309926594,-0.04186266332535363,0.07081015822113829,0.0651263566687131,0.011638856292338028,-0.004535985394877955,0.12247750143491132,0.6543400466477954,0.015676826842741017
mistralai/Mistral-7B-Instruct-v0.3,negation,21,delta_l2,1500,0.03354861786420953,0.19407617974529612,-0.014474390367245479,0.08211925567899078,0.06782333411561235,0.008598384919433915,0.014577203876670579,0.12226922250229312,0.24054512419135293,0.012270127668813803
mistralai/Mistral-7B-Instruct-v0.3,negation,21,delta_token_aligned,1500,-0.08626959753113665,0.000823838651856671,-0.1271146098788578,-0.032551116252429804,-0.10217516157381618,7.36095021362761e-05,-0.14925861107256477,-0.05018131738930121,0.0013678830445922083,0.00014611209446599167
mistralai/Mistral-7B-Instruct-v0.3,negation,22,delta_cos,1500,0.027234309749884,0.29183875154744576,-0.022434612564490076,0.08487026173748788,0.06491123502010876,0.011918180534180275,-0.002494230949723661,0.12049727973213747,0.3486218570521524,0.01597157188336849
mistralai/Mistral-7B-Instruct-v0.3,negation,22,delta_frob,1500,0.010956179477652405,0.6715731160086338,-0.04230755287152775,0.06773065750635478,0.06547807762925309,0.01119465034362129,-0.0026466209653504967,0.12323338655190649,0.7120293278163828,0.015155834311364207
mistralai/Mistral-7B-Instruct-v0.3,negation,22,delta_l2,1500,0.04592769053811652,0.07536653350759243,-0.0018878521426959366,0.09530880401003688,0.07684427136566763,0.0029005172896091917,0.023983347457238055,0.128769511015156,0.10417154369635813,0.004640827663374707
mistralai/Mistral-7B-Instruct-v0.3,negation,22,delta_token_aligned,1500,-0.09382930142458765,0.00027370495337227245,-0.13498575621539696,-0.037230719592937646,-0.10430233088043239,5.181456199961107e-05,-0.1505228872818098,-0.05010118469451791,0.0005198425013689204,0.00010686753412419782
mistralai/Mistral-7B-Instruct-v0.3,negation,23,delta_cos,1500,0.03811393114024332,0.14009114305329082,-0.013660127269948598,0.09570506010384304,0.06869289056436026,0.007781867106101509,-0.001061365140789647,0.12316277246370076,0.18041005739545746,0.011226300087490702
mistralai/Mistral-7B-Instruct-v0.3,negation,23,delta_frob,1500,0.023798271641371806,0.3570164092175989,-0.028858800258729018,0.07640938150392328,0.07328378685745694,0.00451529182288699,0.007440013351230117,0.12857007539980145,0.41520851116055557,0.006930447914198635
mistralai/Mistral-7B-Instruct-v0.3,negation,23,delta_l2,1500,0.03980342009496906,0.12333982992539705,-0.009513991353792557,0.08830988346022607,0.06964658758752225,0.006966756610405822,0.013290972203551396,0.12383901373377507,0.1619985825885812,0.010105624973335918
mistralai/Mistral-7B-Instruct-v0.3,negation,23,delta_token_aligned,1500,-0.08074342583904236,0.0017499475798269549,-0.12280694932152464,-0.026626185434225826,-0.10084967169370512,9.130259365914393e-05,-0.14805705769392902,-0.047899840865990306,0.0027830491630982893,0.00017594076442345983
mistralai/Mistral-7B-Instruct-v0.3,negation,24,delta_cos,1500,0.04178890273582709,0.10569822480631415,-0.01424303593516924,0.09673969243224853,0.06695858929803274,0.00948541684910354,0.0008393611576679395,0.12337431691035963,0.14093096640841887,0.013179737095596496
mistralai/Mistral-7B-Instruct-v0.3,negation,24,delta_frob,1500,0.023692799432805393,0.3591521164590088,-0.031158683919910037,0.07977401635355608,0.07273265371322474,0.004827740807263356,0.00679188098674749,0.13138210409126988,0.4158603453735892,0.007302572563721318
mistralai/Mistral-7B-Instruct-v0.3,negation,24,delta_l2,1500,0.038619673990531546,0.13490286800433338,-0.008336246283769364,0.08760611793260208,0.06445909271442803,0.01252469210937715,0.008872196787952157,0.11910191795365724,0.17544018302041386,0.016688394003210344
mistralai/Mistral-7B-Instruct-v0.3,negation,24,delta_token_aligned,1500,-0.1003870245502819,9.837185999626846e-05,-0.14322655344074786,-0.045845040921018806,-0.1071760563088299,3.1903456318616285e-05,-0.1538574457364494,-0.05422986099604657,0.00020131915534120058,7.077741569844286e-05
mistralai/Mistral-7B-Instruct-v0.3,negation,25,delta_cos,1500,0.0462014688026112,0.07364079226066365,-0.0069305331652738025,0.09967831622353128,0.06735791345367591,0.009066139583781451,0.0010326256546420544,0.12425575432324033,0.10257959856643405,0.012731174734671825
mistralai/Mistral-7B-Instruct-v0.3,negation,25,delta_frob,1500,0.02713910602507738,0.29352952264045595,-0.034115049951977026,0.086123301121868,0.07194125050480175,0.005310623958678949,0.006825311000864548,0.128745825800367,0.3490621350318936,0.00792093065023301
mistralai/Mistral-7B-Instruct-v0.3,negation,25,delta_l2,1500,0.04201489424870088,0.10382387351449111,-0.005061924686665329,0.08712883519047718,0.06441918861583291,0.012579509116056282,0.00866726310720288,0.11598856893683517,0.13913453100419115,0.016688394003210344
mistralai/Mistral-7B-Instruct-v0.3,negation,25,delta_token_aligned,1500,-0.09288226235178253,0.0003156512297127425,-0.1382651824285437,-0.03538045708476848,-0.10665888646357954,3.484441526573116e-05,-0.15488023699207812,-0.05464047416328668,0.000586844539747634,7.540102975535267e-05
mistralai/Mistral-7B-Instruct-v0.3,negation,26,delta_cos,1500,0.048655205066357135,0.059571351618612316,-0.00652183702719328,0.10022895122137483,0.07294903309049605,0.004702812160763873,0.005661917004280038,0.12928844831372563,0.08455288616835296,0.007176545725096316
mistralai/Mistral-7B-Instruct-v0.3,negation,26,delta_frob,1500,0.031052357426413203,0.2293868231166858,-0.027314802520130622,0.08949363114411536,0.078547977895894,0.002332081455676556,0.012764397072650036,0.1349853197048605,0.27906968342306476,0.0038479344018663175
mistralai/Mistral-7B-Instruct-v0.3,negation,26,delta_l2,1500,0.04330559165438516,0.09361942062619849,-0.008796819450897591,0.08706515639675216,0.06560655141423492,0.01103618449296733,0.01138520226635223,0.11726847640284246,0.12674629254008413,0.015018312918264819
mistralai/Mistral-7B-Instruct-v0.3,negation,26,delta_token_aligned,1500,-0.08990844286843383,0.0004897540081000032,-0.13443582755821654,-0.03272700921340888,-0.10621360705668922,3.7580903195123905e-05,-0.15375435926834627,-0.05413611351951711,0.0008450657394666721,8.066145076026594e-05
mistralai/Mistral-7B-Instruct-v0.3,negation,27,delta_cos,1500,0.045610164640292696,0.07740919266605398,-0.011090767170408643,0.09541739596291979,0.07180369901063594,0.005398864695946566,0.005256193721701548,0.12965427566367432,0.10643763991582422,0.00800730494230277
mistralai/Mistral-7B-Instruct-v0.3,negation,27,delta_frob,1500,0.031701147884973,0.2197981494799566,-0.028545839585387853,0.0868956396186434,0.0771150331995342,0.002802462451058584,0.01215560752027801,0.13394849986248938,0.2686421826977247,0.004511281018777233
mistralai/Mistral-7B-Instruct-v0.3,negation,27,delta_l2,1500,0.03743589944159901,0.14728580701459612,-0.012896005276033125,0.08066523337464711,0.06336168053714172,0.014111676140561705,0.008172593202042343,0.11572805550067662,0.18708030620790853,0.018352130547331477
mistralai/Mistral-7B-Instruct-v0.3,negation,27,delta_token_aligned,1500,-0.09240362052525032,0.0003390698197571193,-0.1352450918288177,-0.03444858703235515,-0.10681981426089392,3.390277573635874e-05,-0.15377096111824995,-0.05447598449168522,0.0006259750518592971,7.39696925156918e-05
mistralai/Mistral-7B-Instruct-v0.3,negation,28,delta_cos,1500,0.048661234953306584,0.05953973661677569,-0.009826615456039266,0.10140387976948313,0.07081938478471184,0.0060698831676526495,-0.0001275883415374615,0.13253705038181848,0.08455288616835296,0.00890249531255722
mistralai/Mistral-7B-Instruct-v0.3,negation,28,delta_frob,1500,0.039468656833167706,0.12652854791354773,-0.022016923260858044,0.09363283225421917,0.07789015738646954,0.0025382412885446254,0.010596464211580597,0.13431413014696708,0.16536404281770595,0.00411101656549559
mistralai/Mistral-7B-Instruct-v0.3,negation,28,delta_l2,1500,0.04345417178309062,0.09249818265213879,-0.007438271803146027,0.0865525836409157,0.06358510424172996,0.013774910377763317,0.00902690176230035,0.11711818095657983,0.12587381556785895,0.01809122121588697
mistralai/Mistral-7B-Instruct-v0.3,negation,28,delta_token_aligned,1500,-0.08913708340844761,0.0005477101791629852,-0.12826876675654886,-0.031234419047428866,-0.1055385971475599,4.212090412246354e-05,-0.15238677637024017,-0.0530993393611317,0.0009389317357079747,8.967676361556753e-05
mistralai/Mistral-7B-Instruct-v0.3,negation,29,delta_cos,1500,0.046475474623066004,0.07194607408147187,-0.011566773769497335,0.09650074340222951,0.06672927493141585,0.009733921456361778,-0.00469537821535662,0.1287658845934832,0.10103065722079027,0.013454216044395336
mistralai/Mistral-7B-Instruct-v0.3,negation,29,delta_frob,1500,0.04128304583652593,0.10999092860876679,-0.01874311699218304,0.09343948356061793,0.07271046384232871,0.00484072044943648,0.0043579225685111194,0.12917519157289603,0.14591761383273583,0.007302572563721318
mistralai/Mistral-7B-Instruct-v0.3,negation,29,delta_l2,1500,0.03798265952472805,0.1414625752393346,-0.014284484553215213,0.08149214658847506,0.05801426225002711,0.02464628234191617,0.0013525164027961075,0.11485741581567911,0.18129184399604042,0.03143293979838584
mistralai/Mistral-7B-Instruct-v0.3,negation,29,delta_token_aligned,1500,-0.09181146994110809,0.00037028958500040493,-0.13084066712826328,-0.03420159444031353,-0.10696017759894541,3.3101227940916664e-05,-0.15299765968721452,-0.055987097317289014,0.0006719858141871214,7.282270147001665e-05
mistralai/Mistral-7B-Instruct-v0.3,negation,30,delta_cos,1500,0.055719025278267165,0.030938251521870564,-0.0018297839564962509,0.1047666792058949,0.07075702238324205,0.006114822842656725,0.0016942981053460688,0.13301389274967415,0.04512540553466203,0.008918857626858427
mistralai/Mistral-7B-Instruct-v0.3,negation,30,delta_frob,1500,0.0466131743819872,0.07110653124103436,-0.011891563964346192,0.09835089145976357,0.07383593312905379,0.00422073374767942,0.006536327660040717,0.12972994055850912,0.10038569116381321,0.006554551231690394
mistralai/Mistral-7B-Instruct-v0.3,negation,30,delta_l2,1500,0.03462805800543645,0.1801079064340966,-0.01902919989539298,0.07641334205441389,0.05428839638161298,0.03552015961771005,-0.0024761970516272483,0.11082137417745701,0.2242853174462335,0.04444228501931495
mistralai/Mistral-7B-Instruct-v0.3,negation,30,delta_token_aligned,1500,-0.08663006724221062,0.0007831377909064151,-0.12431752361656327,-0.02891417549919559,-0.10387594882472748,5.5622284878447225e-05,-0.14924170609099574,-0.05197589989762967,0.001308534030375276,0.00011295602467623128
mistralai/Mistral-7B-Instruct-v0.3,negation,31,delta_cos,1500,0.061633375348222844,0.016971240240253063,0.005784893205044373,0.10801442600489325,0.07339336398397753,0.004455395948958471,0.007484583862147237,0.13451536081888585,0.02531303629054694,0.006878506026462201
mistralai/Mistral-7B-Instruct-v0.3,negation,31,delta_frob,1500,0.04920037191177228,0.05676870507974166,-0.005315153543182306,0.0987737120906354,0.07573703536988013,0.0033349000682005633,0.010643283540688409,0.13143241984609189,0.08145075076658585,0.005303696494005715
mistralai/Mistral-7B-Instruct-v0.3,negation,31,delta_l2,1500,0.02869826257468902,0.2666625762249165,-0.023405584796039963,0.0727620636629713,0.046796828317225696,0.06999931366140039,-0.009715646572003144,0.10106613725343912,0.3214562562711322,0.08399917639368047
mistralai/Mistral-7B-Instruct-v0.3,negation,31,delta_token_aligned,1500,-0.0902998243755155,0.00046258271754507616,-0.12716937639227643,-0.03570756095721633,-0.10188591445085543,7.716920217896142e-05,-0.14730580479816144,-0.04822233363445596,0.0008034331409993428,0.00015090866203885787
mistralai/Mistral-7B-Instruct-v0.3,negation,32,delta_cos,1500,0.0714409518950256,0.00563794800287028,0.022988850561723506,0.11462573648410286,0.09425233617092937,0.00025670714859392244,0.031237902729786115,0.14855713540783005,0.008653594609056708,0.0004548368270388961
mistralai/Mistral-7B-Instruct-v0.3,negation,32,delta_frob,1500,0.09997590031273308,0.00010508410348867532,0.050969998049029734,0.15034345236747484,0.13238972593800125,2.663505888319229e-07,0.07130652894431262,0.17914464799945354,0.00021340156400777142,6.633637306757325e-07
mistralai/Mistral-7B-Instruct-v0.3,negation,32,delta_l2,1500,0.04270555503209783,0.09825874426613038,-0.0101260055484173,0.08566622832336561,0.08045742451694518,0.0018173610527992985,0.01614802298790239,0.13086107262444066,0.13234851268499193,0.003017505144270533
mistralai/Mistral-7B-Instruct-v0.3,negation,32,delta_token_aligned,1500,-0.07806183642281318,0.0024828893272959185,-0.11833672468722745,-0.026742152381984564,-0.09458787738282343,0.0002439335911584441,-0.1381089937864446,-0.04080130913040526,0.003878596345598358,0.0004410853977111592
mistralai/Mistral-7B-Instruct-v0.3,role_reversal,0,delta_cos,1500,0.1596726022444802,5.007253952366686e-10,0.11287221343635256,0.21455233061092882,0.20314944905185722,1.951892956743575e-15,0.15305642800664312,0.25912484230745997,1.2589667080236238e-09,1.4313881682786218e-14
mistralai/Mistral-7B-Instruct-v0.3,role_reversal,0,delta_frob,1500,0.20363941464118926,1.666516490377169e-15,0.16063469782849832,0.2587884185451387,0.23472494614626055,3.192771971520659e-20,0.1891616156677744,0.28170310477410415,6.196624696613699e-15,3.512049168672725e-19
mistralai/Mistral-7B-Instruct-v0.3,role_reversal,0,delta_l2,1500,0.17416212290289249,1.1088556815798605e-11,0.12832191440241286,0.2292125618631089,0.2330447886149768,5.993235553534332e-20,0.18864398193295284,0.28036565304211947,2.869979411147874e-11,6.328856744532254e-19
mistralai/Mistral-7B-Instruct-v0.3,role_reversal,0,delta_token_aligned,1500,-0.02099792173247284,0.41641437366262646,-0.06903015801351942,0.025850783329566706,-0.016695635242748967,0.5181983098255816,-0.06345782016749119,0.030433864322758315,0.47590214132871594,0.532312660676862
mistralai/Mistral-7B-Instruct-v0.3,role_reversal,1,delta_cos,1500,0.24364590606754657,1.0372607078295408e-21,0.19599621780093815,0.292654356936077,0.22712541216711477,5.2986113369425e-19,0.17781234030606266,0.2806378214530649,7.400995320729697e-21,5.180864418343778e-18
mistralai/Mistral-7B-Instruct-v0.3,role_reversal,1,delta_frob,1500,0.25330102153769685,2.1670145358228656e-23,0.20569776631101278,0.30302555958267424,0.2747690593919891,2.1708943520885933e-27,0.2307871548099136,0.31890993668576023,2.600417442987439e-22,4.093686492509919e-26
mistralai/Mistral-7B-Instruct-v0.3,role_reversal,1,delta_l2,1500,0.2441191354590457,8.614511573024346e-22,0.20162770193845794,0.2961474550727243,0.26232454187815474,5.008107830599972e-25,0.21420038480085624,0.3126768269764459,6.531113618548867e-21,6.958634038307328e-24
mistralai/Mistral-7B-Instruct-v0.3,role_reversal,1,delta_token_aligned,1500,0.07351024162550278,0.004392303083209909,0.021130866357930253,0.1263438275601386,0.021018543399815095,0.41595671317743826,-0.03464133493684175,0.07797973741397538,0.0067810994968854725,0.43750028796352075
mistralai/Mistral-7B-Instruct-v0.3,role_reversal,2,delta_cos,1500,0.25120525919441583,5.089842546287138e-23,0.20358846032753283,0.298503159074174,0.2521464885950039,3.472004481111337e-23,0.20730041906870428,0.2985087064072246,5.598826800915852e-22,4.364805633397109e-22
mistralai/Mistral-7B-Instruct-v0.3,role_reversal,2,delta_frob,1500,0.25018322364490025,7.696734100774107e-23,0.20224896766615824,0.2944369708182259,0.28817974694922505,4.457248939431397e-30,0.24536632822744112,0.327119082982724,7.525695565201349e-22,9.051644000076068e-29
mistralai/Mistral-7B-Instruct-v0.3,role_reversal,2,delta_l2,1500,0.2610704637645105,8.529521299442417e-25,0.21350300241220366,0.3085602597437999,0.29008313290140686,1.8011998653643867e-30,0.24199661631853775,0.34066012215099284,1.2509964572515544e-23,4.322879676874528e-29
mistralai/Mistral-7B-Instruct-v0.3,role_reversal,2,delta_token_aligned,1500,0.11969701899003787,3.3402893010562706e-06,0.06415957781963565,0.1696485966737292,0.12845573315120534,5.987672907983689e-07,0.06158746691119039,0.18016065044426624,7.7354068024461e-06,1.4240951781150395e-06
mistralai/Mistral-7B-Instruct-v0.3,role_reversal,3,delta_cos,1500,0.2676350596370923,5.0875992222115313e-26,0.2184696529475579,0.3145105451458026,0.27416502218329003,2.8459201856926378e-27,0.22387163141389305,0.3184888403658047,8.954174631092296e-25,5.0088195268190426e-26
mistralai/Mistral-7B-Instruct-v0.3,role_reversal,3,delta_frob,1500,0.27382139386147053,3.318809643908299e-27,0.22444933088069047,0.323480202359142,0.3070042067780843,4.196703932719778e-34,0.2632625576946725,0.34800430011565137,6.258326757084221e-26,1.582756911768602e-32
mistralai/Mistral-7B-Instruct-v0.3,role_reversal,3,delta_l2,1500,0.2740062253060863,3.05552236919366e-27,0.22720174679946487,0.3220257692463557,0.30311915158636443,3.0097636827363957e-33,0.25298870547275476,0.3480338533603609,6.205060811285586e-26,8.82864013602676e-32
mistralai/Mistral-7B-Instruct-v0.3,role_reversal,3,delta_token_aligned,1500,0.12010055704314032,3.0938423477953507e-06,0.0656681230377282,0.17180417650136684,0.129812637119311,4.540198178171862e-07,0.07029842929182277,0.18217333116222906,7.228091856796217e-06,1.0996443293920841e-06
mistralai/Mistral-7B-Instruct-v0.3,role_reversal,4,delta_cos,1500,0.27850571832556453,4.005350870599244e-28,0.22654341890242766,0.33134118161581394,0.28850889195903184,3.812727271012913e-30,0.2420567434406459,0.3408282272498724,8.811771915318336e-27,8.387999996228409e-29
mistralai/Mistral-7B-Instruct-v0.3,role_reversal,4,delta_frob,1500,0.30604854777483137,6.832541616924832e-34,0.25353323781789744,0.3560957665196039,0.32392926306913067,5.521522882913128e-38,0.27789820481652616,0.37104274262217823,3.006318311446926e-32,7.288410205445329e-36
mistralai/Mistral-7B-Instruct-v0.3,role_reversal,4,delta_l2,1500,0.2922125817811337,6.482325392928281e-31,0.24335610571672509,0.34044173933610344,0.3257360213614101,2.0550129108418688e-38,0.274723919964428,0.37231779833690987,1.7113339037330662e-29,5.4252340846225334e-36
mistralai/Mistral-7B-Instruct-v0.3,role_reversal,4,delta_token_aligned,1500,0.17107548562252986,2.5680638756068828e-11,0.11857967065869135,0.2249714198858353,0.16439238743288975,1.5016697215981418e-10,0.10263115442764602,0.2167187470401634,6.582221972429292e-11,5.663440092884421e-10
mistralai/Mistral-7B-Instruct-v0.3,role_reversal,5,delta_cos,1500,0.2859336009259026,1.2869232602359612e-29,0.23285712817296214,0.33618105717603103,0.2714159636717636,9.674421977797403e-27,0.22419836329819406,0.3215021486973564,3.0886158245663064e-28,1.4189152234102857e-25
mistralai/Mistral-7B-Instruct-v0.3,role_reversal,5,delta_frob,1500,0.3163133408664907,3.3075223147858425e-36,0.2646724169433345,0.3646354163001559,0.31412303626332666,1.050044732972216e-35,0.2679851674976905,0.3605578905677085,4.365929455517312e-34,5.544236190093301e-34
mistralai/Mistral-7B-Instruct-v0.3,role_reversal,5,delta_l2,1500,0.2999265591489269,1.4858234043961922e-32,0.24848876189327931,0.34823000697065215,0.31728482294075844,1.9752780434627936e-36,0.2639473610731996,0.36525406900127616,4.358415319562163e-31,1.7382446782472583e-34
mistralai/Mistral-7B-Instruct-v0.3,role_reversal,5,delta_token_aligned,1500,0.1995041680491843,6.247436200381297e-15,0.14577527121749623,0.25097219310883334,0.17853890141076872,3.2828650326280606e-12,0.12117428251342982,0.22602500015838053,2.1419781258450163e-14,1.575775215661469e-11
mistralai/Mistral-7B-Instruct-v0.3,role_reversal,6,delta_cos,1500,0.30245479152273164,4.202909001537375e-33,0.25263785272683315,0.349317052796161,0.2714531491920481,9.516511284483533e-27,0.22884590655593293,0.3242403645871246,1.5850971091512385e-31,1.4189152234102857e-25
mistralai/Mistral-7B-Instruct-v0.3,role_reversal,6,delta_frob,1500,0.3243698725096489,4.3415963698681475e-38,0.2766642756382261,0.36769703475902366,0.30446341412097433,1.5273807630614347e-33,0.26117497309914267,0.35031674020892584,1.146181441645191e-35,5.040356518102734e-32
mistralai/Mistral-7B-Instruct-v0.3,role_reversal,6,delta_l2,1500,0.31300522585173707,1.886384540235142e-35,0.2654495897955679,0.36270325199949277,0.3163813925896224,3.190417818018194e-36,0.26892560899780216,0.36620485583371554,1.660018395406925e-33,2.105675759892008e-34
mistralai/Mistral-7B-Instruct-v0.3,role_reversal,6,delta_token_aligned,1500,0.21399272208737155,5.3730511532265285e-17,0.16497809993279106,0.2620121029550868,0.18066279919685313,1.7983543307451926e-12,0.12448315339485336,0.2312649958224041,2.3641425074196727e-16,9.130106602244825e-12
mistralai/Mistral-7B-Instruct-v0.3,role_reversal,7,delta_cos,1500,0.3000242660018012,1.4153836682529227e-32,0.2524692130951353,0.3478749638436013,0.2714876540351858,9.372269066482387e-27,0.2264110079178608,0.31957330734402434,4.358415319562163e-31,1.4189152234102857e-25
mistralai/Mistral-7B-Instruct-v0.3,role_reversal,7,delta_frob,1500,0.31003177479195654,8.853266952977628e-35,0.2629273272142097,0.3546325403342973,0.292328167948122,6.130995343498861e-31,0.24698119552483813,0.3362316442464737,5.8431561889652345e-33,1.6185827706836993e-29
mistralai/Mistral-7B-Instruct-v0.3,role_reversal,7,delta_l2,1500,0.3093314481836666,1.2709673950398815e-34,0.2624841043514434,0.3590386759508385,0.31296560170107546,1.9258787813007264e-35,0.2629734041873801,0.3631454991626233,6.710707845810575e-33,8.473866637723195e-34
mistralai/Mistral-7B-Instruct-v0.3,role_reversal,7,delta_token_aligned,1500,0.19762118535969184,1.1295832327401222e-14,0.14840666419543003,0.24797443518001158,0.15449975572192065,1.799857383385895e-09,0.09809207378470935,0.20514294678918782,3.5501187314689553e-14,6.170939600180211e-09
mistralai/Mistral-7B-Instruct-v0.3,role_reversal,8,delta_cos,1500,0.24873954604229928,1.3759905416633416e-22,0.20354870566921865,0.2956213373737292,0.215332228343867,3.4000161903324124e-17,0.17156432411929684,0.2630146371990654,1.2108716766637405e-21,2.80501335702424e-16
mistralai/Mistral-7B-Instruct-v0.3,role_reversal,8,delta_frob,1500,0.2525047504925486,3.0003093565610077e-23,0.20773728378880438,0.2997405560758799,0.22498765268142534,1.1468113762596213e-18,0.18013693635654768,0.26932611035064213,3.443833348400461e-22,1.0812792976162144e-17
mistralai/Mistral-7B-Instruct-v0.3,role_reversal,8,delta_l2,1500,0.2638218432302506,2.6419998952790317e-25,0.21925698323630552,0.3122939138144611,0.2581999205186001,2.8546490573368372e-24,0.20691035562299234,0.3065667934786999,4.359299827210402e-24,3.768136755684625e-23
mistralai/Mistral-7B-Instruct-v0.3,role_reversal,8,delta_token_aligned,1500,0.16542803968077097,1.147492199682689e-10,0.11630135722374656,0.21820510496391865,0.11105213988828427,1.626760477290698e-05,0.05455161666966736,0.16250428616037835,2.9128648145791335e-10,3.6395319152944435e-05
mistralai/Mistral-7B-Instruct-v0.3,role_reversal,9,delta_cos,1500,0.2559451509279687,7.295772827058832e-24,0.20981106689170484,0.3034607740255905,0.20728583471234713,5.0749593214122015e-16,0.16096061270651674,0.2550634937732155,9.630420131717657e-23,3.827969316722347e-15
mistralai/Mistral-7B-Instruct-v0.3,role_reversal,9,delta_frob,1500,0.25805569741852014,3.0320699188347963e-24,0.21404923502847084,0.3043514417592064,0.21927964555461923,8.671211064333713e-18,0.1717990362996255,0.26452579718578645,4.212981360907296e-23,7.384515228980969e-17
mistralai/Mistral-7B-Instruct-v0.3,role_reversal,9,delta_l2,1500,0.26187783241428686,6.056056645060168e-25,0.2172757689493184,0.3089961729183847,0.25085268248315973,5.871576870454393e-23,0.1988526224352072,0.2983797589387297,9.40469973115226e-24,7.045892244545271e-22
mistralai/Mistral-7B-Instruct-v0.3,role_reversal,9,delta_token_aligned,1500,0.1487430572366156,7.1137240182558345e-09,0.10068186876043829,0.19892253426274895,0.09905065766696748,0.00012180245999714375,0.0460445259543148,0.14848088556748998,1.7551618138500377e-08,0.00023133704632551046
mistralai/Mistral-7B-Instruct-v0.3,role_reversal,10,delta_cos,1500,0.2453182701887745,5.371245293782643e-22,0.19899381922560433,0.2919380039297019,0.19874133623202428,7.947195661110619e-15,0.15277799226824443,0.24453172768776116,4.4312773673706805e-21,5.5212096171926403e-14
mistralai/Mistral-7B-Instruct-v0.3,role_reversal,10,delta_frob,1500,0.2508521859094511,5.872757594409083e-23,0.20900098783538604,0.29583731147330733,0.20754440109689437,4.66066301275388e-16,0.15766939066836455,0.25266449339021035,6.201632019695992e-22,3.618867751079483e-15
mistralai/Mistral-7B-Instruct-v0.3,role_reversal,10,delta_l2,1500,0.25410935538707374,1.555637666654461e-23,0.2082936027803339,0.3021603863275795,0.2420327726929628,1.9477450310745058e-21,0.1873364629657793,0.29047704497028115,1.9556587809370369e-22,2.235672557407259e-20
mistralai/Mistral-7B-Instruct-v0.3,role_reversal,10,delta_token_aligned,1500,0.1393132186062001,6.043220909434465e-08,0.09012527951633423,0.1884032056617168,0.08354306967477544,0.0012012863240026244,0.03267098986202452,0.1343884266382458,1.477231777861758e-07,0.002007212592004385
mistralai/Mistral-7B-Instruct-v0.3,role_reversal,11,delta_cos,1500,0.24212367026678974,1.880035304845458e-21,0.1961343422928355,0.2901690898061968,0.18894920221430123,1.6016795380343006e-13,0.1427522495911177,0.23457614924021236,1.2726392832800023e-20,9.833567396303614e-13
mistralai/Mistral-7B-Instruct-v0.3,role_reversal,11,delta_frob,1500,0.2495402087712589,9.974374081914693e-23,0.20778690409085454,0.2957326228708017,0.1953290576728973,2.3044660569094048e-14,0.14718790820885386,0.23877719357116264,9.080119853880963e-22,1.5599462539079048e-13
mistralai/Mistral-7B-Instruct-v0.3,role_reversal,11,delta_l2,1500,0.2503890994082037,7.082613741523861e-23,0.2057928442368478,0.2948733748904099,0.23170790631953442,9.857006389938177e-20,0.17928251901694528,0.27807221825700495,7.191577029854996e-22,1.0008652642091073e-18
mistralai/Mistral-7B-Instruct-v0.3,role_reversal,11,delta_token_aligned,1500,0.12182709892762572,2.222686198494463e-06,0.07009751883240688,0.17142579878207703,0.05970872355157175,0.020742188789566105,0.010490858540064601,0.10887169230966023,5.286388796419264e-06,0.02671189190461196
mistralai/Mistral-7B-Instruct-v0.3,role_reversal,12,delta_cos,1500,0.23799142244765312,9.2533555655854e-21,0.18656082222417353,0.2834934367368872,0.18263085958743405,1.0228996564054508e-12,0.13877532026848663,0.2285104367180059,5.958258217840355e-20,5.511132842674266e-12
mistralai/Mistral-7B-Instruct-v0.3,role_reversal,12,delta_frob,1500,0.2500194724778551,8.222552775830417e-23,0.2058780163369442,0.2960982758276555,0.19247068589682362,5.538880302222586e-14,0.14269925205698492,0.2383238686044858,7.752692617211536e-22,3.6556609994669067e-13
mistralai/Mistral-7B-Instruct-v0.3,role_reversal,12,delta_l2,1500,0.2446179666319293,7.079824513442444e-22,0.1968140439326747,0.28829029759611463,0.22327442917026094,2.117157534948226e-18,0.1707422500908375,0.26720233601022997,5.6638596107539555e-21,1.927343411125282e-17
mistralai/Mistral-7B-Instruct-v0.3,role_reversal,12,delta_token_aligned,1500,0.12389985064996446,1.485499070842628e-06,0.07094166455260477,0.17382202262988009,0.05953452065675085,0.021117041320113706,0.010210345072656888,0.11265275835166759,3.565197770022307e-06,0.027062616060728246
mistralai/Mistral-7B-Instruct-v0.3,role_reversal,13,delta_cos,1500,0.23659215222539945,1.576539965436059e-20,0.18553181062506563,0.28382761289758346,0.18158746195579206,1.3806606738008552e-12,0.13641964652478167,0.22758586031042907,9.909679782740942e-20,7.14694937026325e-12
mistralai/Mistral-7B-Instruct-v0.3,role_reversal,13,delta_frob,1500,0.2481388046096148,1.7503615745391174e-22,0.2014298451393402,0.29334817061463,0.1861722866525201,3.647387836135743e-13,0.13824968114918612,0.232258543819109,1.4906305021881515e-21,2.0932834537822528e-12
mistralai/Mistral-7B-Instruct-v0.3,role_reversal,13,delta_l2,1500,0.2440343992975574,8.906064025293909e-22,0.19400810556499623,0.29020250103976475,0.22136168689533714,4.1727977440192724e-18,0.17063882495235047,0.2634090466515104,6.531113618548867e-21,3.6720620147369597e-17
mistralai/Mistral-7B-Instruct-v0.3,role_reversal,13,delta_token_aligned,1500,0.11127947260460612,1.5626649285438724e-05,0.05969999668083512,0.16314855961744043,0.04528289878571855,0.07956143260256901,-0.0034427575647843186,0.09551444821918774,3.526013172098994e-05,0.09504171134424533
mistralai/Mistral-7B-Instruct-v0.3,role_reversal,14,delta_cos,1500,0.22130030598956313,4.2642074251682934e-18,0.1756270587537619,0.2673392254451082,0.15848936067146766,6.73466331005854e-10,0.11067680780761453,0.20509207363985035,2.1240580381970365e-17,2.4355494710348694e-09
mistralai/Mistral-7B-Instruct-v0.3,role_reversal,14,delta_frob,1500,0.2314835640365205,1.0712066065519906e-19,0.18474072012681306,0.2774535635565747,0.15883088110077867,6.183909454318325e-10,0.11206089479387038,0.20495698628402503,6.016990300632457e-19,2.2674334665833857e-09
mistralai/Mistral-7B-Instruct-v0.3,role_reversal,14,delta_l2,1500,0.23266635629926039,6.901856787662652e-20,0.1842797656306286,0.27821790144332864,0.19207098078564938,6.254774346933125e-14,0.14196357041574753,0.23739394863028515,3.961065634658565e-19,4.027464457537427e-13
mistralai/Mistral-7B-Instruct-v0.3,role_reversal,14,delta_token_aligned,1500,0.10045869550577476,9.724392659262837e-05,0.048933923574824,0.1547722480366596,0.029889513952996216,0.2473094104406477,-0.01861780823925978,0.07800226515904156,0.00020056559859729601,0.26979208411707023
mistralai/Mistral-7B-Instruct-v0.3,role_reversal,15,delta_cos,1500,0.21862325042511013,1.0903232222053887e-17,0.1690131602441362,0.26503566265359296,0.1501394296051291,5.121439062169041e-09,0.10056963468034606,0.19779558792391533,5.049918081793379e-17,1.6289878462802732e-08
mistralai/Mistral-7B-Instruct-v0.3,role_reversal,15,delta_frob,1500,0.22486524849653253,1.1983632144378433e-18,0.17658145178942547,0.2718025743825357,0.15466664024741472,1.7282173422690648e-09,0.10614539955050532,0.20019787541331388,6.327357772231813e-18,6.067322227905184e-09
mistralai/Mistral-7B-Instruct-v0.3,role_reversal,15,delta_l2,1500,0.2357463835024411,2.1719491936116427e-20,0.18671956282834073,0.28051829302982273,0.1864337351886396,3.377271831426401e-13,0.1370835212424173,0.23065639393737866,1.3334757839848224e-19,1.981332807770155e-12
mistralai/Mistral-7B-Instruct-v0.3,role_reversal,15,delta_token_aligned,1500,0.10162881816035589,8.046914867064737e-05,0.051967527363958085,0.15662506948431149,0.032379546747299245,0.21008285692441453,-0.015518740485148654,0.0851449997696139,0.0001686020257861183,0.23303308499178757
mistralai/Mistral-7B-Instruct-v0.3,role_reversal,16,delta_cos,1500,0.2112501234846798,1.3583256951637804e-16,0.16094112179379794,0.2560018568313363,0.14410906327073592,2.0711294908900304e-08,0.09835862491260194,0.18953541871323915,5.692031484495841e-16,5.8793353289781505e-08
mistralai/Mistral-7B-Instruct-v0.3,role_reversal,16,delta_frob,1500,0.21871183562758306,1.0571802397584035e-17,0.16875915802422686,0.2646241880434392,0.14894368283581447,6.7869576826673935e-09,0.10241215458897719,0.1943349410147932,4.983849701718188e-17,2.1079492096755198e-08
mistralai/Mistral-7B-Instruct-v0.3,role_reversal,16,delta_l2,1500,0.22387430398800692,1.7091243569436413e-18,0.17497683570276332,0.268949651723583,0.1847452780682317,5.540038277960563e-13,0.1350489618974178,0.22893555177300282,8.677092889098487e-18,3.111851288045933e-12
mistralai/Mistral-7B-Instruct-v0.3,role_reversal,16,delta_token_aligned,1500,0.10539159984180789,4.3176266706159675e-05,0.054058505299864765,0.1637923113808646,0.03188801234936828,0.2170904968096069,-0.016263336412427012,0.08366289908444201,9.42027637225302e-05,0.2397987077729549
mistralai/Mistral-7B-Instruct-v0.3,role_reversal,17,delta_cos,1500,0.21545743767828038,3.257137600538677e-17,0.1648361880774171,0.2629189471654874,0.15247526802294908,2.935703507612751e-09,0.10506911090652316,0.1979392404861783,1.4574310619359505e-16,9.568218839626744e-09
mistralai/Mistral-7B-Instruct-v0.3,role_reversal,17,delta_frob,1500,0.23136376487861302,1.1198249636302096e-19,0.1798712542762891,0.2776372875246007,0.1653590299516833,1.1683079629377536e-10,0.11859981098011291,0.20860983933249305,6.159037299966152e-19,4.4700478581966224e-10
mistralai/Mistral-7B-Instruct-v0.3,role_reversal,17,delta_l2,1500,0.22448810782444728,1.372006404859849e-18,0.17424846191347468,0.27173243662681684,0.19002804428027886,1.1594145749567937e-13,0.13933316333917659,0.23478054301756204,7.102150801627455e-18,7.287748756871275e-13
mistralai/Mistral-7B-Instruct-v0.3,role_reversal,17,delta_token_aligned,1500,0.10744835223069682,3.0451272727248314e-05,0.05843895421597636,0.16058677605170443,0.035202855114223164,0.17298134585272884,-0.01202455187158728,0.08967520113738857,6.699279999994629e-05,0.194327980021789
mistralai/Mistral-7B-Instruct-v0.3,role_reversal,18,delta_cos,1500,0.23056588815803677,1.504039962790895e-19,0.17972531999261016,0.2770899173337953,0.1708125326346169,2.756576119761862e-11,0.12210980390872046,0.2184630302369592,8.103398983199925e-19,1.1737678961566638e-10
mistralai/Mistral-7B-Instruct-v0.3,role_reversal,18,delta_frob,1500,0.24336760773696697,1.1567523153826835e-21,0.19204438270376026,0.2927950251480375,0.1831005389464539,8.931996629105635e-13,0.13581732824565268,0.2304151966421274,8.03638450686917e-21,4.912598146008099e-12
mistralai/Mistral-7B-Instruct-v0.3,role_reversal,18,delta_l2,1500,0.24403988908579752,8.886883300633297e-22,0.19610663439491594,0.2914543114884425,0.2132417746519514,6.935181026250183e-17,0.16171966950078395,0.25811965218447375,6.531113618548867e-21,5.548144821000146e-16
mistralai/Mistral-7B-Instruct-v0.3,role_reversal,18,delta_token_aligned,1500,0.12038585636678614,2.9302239552020323e-06,0.07129370437766976,0.1706455967731248,0.04722855220314189,0.06745212920608053,-0.0022192098734220072,0.10552797035500948,6.906956465833361e-06,0.08168514729543697
mistralai/Mistral-7B-Instruct-v0.3,role_reversal,19,delta_cos,1500,0.2205062920262582,5.6405837077820946e-18,0.16895804242633847,0.2672891004400304,0.15270992431768238,2.774775329834661e-09,0.1034263614796384,0.19946899817217636,2.757618701582357e-17,9.156758588454381e-09
mistralai/Mistral-7B-Instruct-v0.3,role_reversal,19,delta_frob,1500,0.23477073162739748,3.138231315694031e-20,0.18318434828780925,0.2813037140926551,0.16995821691214025,3.467272075645579e-11,0.1203307334614358,0.21693219506974792,1.8829387894164185e-19,1.452952107889576e-10
mistralai/Mistral-7B-Instruct-v0.3,role_reversal,19,delta_l2,1500,0.23985004287865952,4.535346989548849e-21,0.18799725936479358,0.28602058062105057,0.2018540678302449,2.958720438565056e-15,0.1508188932650132,0.2484566189650341,2.9933290131022404e-20,2.1110870156247968e-14
mistralai/Mistral-7B-Instruct-v0.3,role_reversal,19,delta_token_aligned,1500,0.11871055901576713,4.0244205449057424e-06,0.06813567198289765,0.1681703166668768,0.04300781664648481,0.09589931208665516,-0.007850166748673714,0.10216118728581061,9.238669772653182e-06,0.11252185951500872
mistralai/Mistral-7B-Instruct-v0.3,role_reversal,20,delta_cos,1500,0.20781273677823242,4.2659299789270497e-16,0.1548362329144345,0.25480827904120934,0.1397189431724278,5.52743287363134e-08,0.0905278373803412,0.18653841944089936,1.7063719915708199e-15,1.459242278638674e-07
mistralai/Mistral-7B-Instruct-v0.3,role_reversal,20,delta_frob,1500,0.21928102593460796,8.667028518686444e-18,0.16677894302451332,0.2706482100441324,0.15392016844565384,2.0718237331137538e-09,0.10547620575058794,0.20153867626789543,4.1601736889694934e-17,6.923562854962418e-09
mistralai/Mistral-7B-Instruct-v0.3,role_reversal,20,delta_l2,1500,0.23287724381227623,6.379936880491959e-20,0.18105346128247454,0.2810992160057829,0.18683616065792918,2.999416009849898e-13,0.12934665221021321,0.23424120305220963,3.742896303221949e-19,1.7996496059099388e-12
mistralai/Mistral-7B-Instruct-v0.3,role_reversal,20,delta_token_aligned,1500,0.10398028340123217,5.46668019079585e-05,0.05263160913662683,0.15702768380353083,0.027102705142168594,0.2941777158945233,-0.02302633147601332,0.08059070329728679,0.00011733362360732556,0.314424765166616
mistralai/Mistral-7B-Instruct-v0.3,role_reversal,21,delta_cos,1500,0.19599283574101317,1.876236266949032e-14,0.1411496884176036,0.24496276119556398,0.13927779005496954,6.090409635190924e-08,0.09044196015445546,0.18486038366791344,5.827369111465229e-14,1.5763413173435334e-07
mistralai/Mistral-7B-Instruct-v0.3,role_reversal,21,delta_frob,1500,0.21146303024257368,1.2645453971899218e-16,0.1589669641045867,0.2616309400379697,0.1542464387588976,1.9141562639947495e-09,0.1027090646486408,0.1999652420813969,5.3845158848087e-16,6.478682739674537e-09
mistralai/Mistral-7B-Instruct-v0.3,role_reversal,21,delta_l2,1500,0.21569574262370864,3.001360364441583e-17,0.16423098947201797,0.2651793198344106,0.18187633584501056,1.270872779358876e-12,0.12451821020683579,0.2263036279931296,1.366136441745824e-16,6.710208275014865e-12
mistralai/Mistral-7B-Instruct-v0.3,role_reversal,21,delta_token_aligned,1500,0.10246120417288039,7.024222923038406e-05,0.05135206751440093,0.1569471879942082,0.029610697219742833,0.2517485529623317,-0.022778891296235265,0.08352334168700819,0.00014835158813457114,0.2723836802543261
mistralai/Mistral-7B-Instruct-v0.3,role_reversal,22,delta_cos,1500,0.17713599750814812,4.865855584516536e-12,0.12261081973494418,0.22608259063517022,0.13056147375542243,3.8924787405103425e-07,0.08158503781935682,0.17465263582704113,1.2975614892044096e-11,9.514948032358615e-07
mistralai/Mistral-7B-Instruct-v0.3,role_reversal,22,delta_frob,1500,0.1927430827884142,5.0977728304090695e-14,0.13792833489133705,0.24534926575112748,0.1438769604123544,2.1830886144030914e-08,0.09357861979870656,0.18774262230117247,1.5121483451999936e-13,6.066688360025433e-08
mistralai/Mistral-7B-Instruct-v0.3,role_reversal,22,delta_l2,1500,0.20237228256548784,2.5060077547380992e-15,0.14870383450271285,0.2516502313560263,0.17458489667767402,9.87186811240535e-12,0.11831908729939446,0.2215454120399688,9.188695100706365e-15,4.572233652061426e-11
mistralai/Mistral-7B-Instruct-v0.3,role_reversal,22,delta_token_aligned,1500,0.08407728772465332,0.001116650335342429,0.03491067975824829,0.13931150904882014,0.02004910168963276,0.43779089255617804,-0.03133917893868398,0.07409043607515457,0.0018197264724098845,0.45682527918905536
mistralai/Mistral-7B-Instruct-v0.3,role_reversal,23,delta_cos,1500,0.17490266221449582,9.04437064319474e-12,0.12053402025002759,0.22322238518536028,0.12695489499337645,8.105312603349874e-07,0.07564795975838048,0.17207559380174217,2.3640731186172387e-11,1.8936305551189085e-06
mistralai/Mistral-7B-Instruct-v0.3,role_reversal,23,delta_frob,1500,0.1895844421557084,1.324474482988751e-13,0.13226901341265318,0.24107237923828834,0.13945525488064206,5.857565719720102e-08,0.08815999810775027,0.18356145415820777,3.8851251501003364e-13,1.5310864851545612e-07
mistralai/Mistral-7B-Instruct-v0.3,role_reversal,23,delta_l2,1500,0.20032999600667686,4.809325281952165e-15,0.14687324668383905,0.2492301229573508,0.1719802165893643,2.0108902114216774e-11,0.11664776353833227,0.22054943680577974,1.7157592897775293e-14,8.997881623988523e-11
mistralai/Mistral-7B-Instruct-v0.3,role_reversal,23,delta_token_aligned,1500,0.08412107745455477,0.0011099629089679174,0.03306492613310407,0.13845302840693996,0.01952321811302286,0.4499054619751751,-0.03333074520605111,0.07331102868224036,0.0018197264724098845,0.4676182754387647
mistralai/Mistral-7B-Instruct-v0.3,role_reversal,24,delta_cos,1500,0.1838422276957655,7.205159628314973e-13,0.1279164126836152,0.23456237606275265,0.13253110894863715,2.5859422923340065e-07,0.0810857876200046,0.17768331666902207,2.0235767466756947e-12,6.501797763582645e-07
mistralai/Mistral-7B-Instruct-v0.3,role_reversal,24,delta_frob,1500,0.19910483716574806,7.087038928971814e-15,0.14178885829688653,0.2500636307853957,0.145540827679549,1.4940392632842048e-08,0.09417161251032684,0.18915434060675423,2.3683269332260238e-14,4.3825151723003344e-08
mistralai/Mistral-7B-Instruct-v0.3,role_reversal,24,delta_l2,1500,0.2039019423695684,1.5309338038740633e-15,0.15035093464078786,0.25238528428050655,0.17397957157439967,1.16581986141948e-11,0.11915421728943772,0.22241091321994438,5.857485858300763e-15,5.30649040370246e-11
mistralai/Mistral-7B-Instruct-v0.3,role_reversal,24,delta_token_aligned,1500,0.09233297991738203,0.0003426605291784388,0.041302508240729806,0.14505175722349775,0.027288998626063144,0.29087046645172476,-0.02663792144665061,0.08068911753288896,0.0006282109701604712,0.3121536713140461
mistralai/Mistral-7B-Instruct-v0.3,role_reversal,25,delta_cos,1500,0.17985295914983834,2.2641934216790603e-12,0.12289752717095967,0.22941592914150669,0.1306741957744174,3.8030438870575523e-07,0.07853892750962235,0.17573941875418586,6.099459829829305e-12,9.383211085824241e-07
mistralai/Mistral-7B-Instruct-v0.3,role_reversal,25,delta_frob,1500,0.19584649095294088,1.9633566012569564e-14,0.13906826277033799,0.24669154607043184,0.1440440123623019,2.101933580504063e-08,0.09235864709140697,0.1872334847798396,5.957771755538351e-14,5.903302821841198e-08
mistralai/Mistral-7B-Instruct-v0.3,role_reversal,25,delta_l2,1500,0.1976242130722781,1.128513364027558e-14,0.14364936616480703,0.24514422658040413,0.1662559993230083,9.243131254945319e-11,0.11113806262189554,0.21471951265424438,3.5501187314689553e-14,3.588509781331712e-10
mistralai/Mistral-7B-Instruct-v0.3,role_reversal,25,delta_token_aligned,1500,0.09082960336281933,0.0004280372908964193,0.03742762377129801,0.141916341002984,0.029756308128492233,0.24942335081168632,-0.024276214344679983,0.08338210988668437,0.0007533456319776979,0.27097845520281966
mistralai/Mistral-7B-Instruct-v0.3,role_reversal,26,delta_cos,1500,0.1800690933938989,2.129413844485546e-12,0.12060312996799076,0.22829683222732028,0.1334488947060064,2.1329375344945414e-07,0.07993416863050033,0.17974177795264462,5.7955180922080835e-12,5.414379895255374e-07
mistralai/Mistral-7B-Instruct-v0.3,role_reversal,26,delta_frob,1500,0.19587260421796465,1.947524976734447e-14,0.13927582742100098,0.24592014923010694,0.145109996508418,1.64888440408024e-08,0.09512873019172574,0.18855755662347115,5.957771755538351e-14,4.7835767327163e-08
mistralai/Mistral-7B-Instruct-v0.3,role_reversal,26,delta_l2,1500,0.19888237013671253,7.601918598866209e-15,0.1435417107476936,0.24649756696438838,0.16784122284144176,6.090482237964132e-11,0.11259453343800711,0.216278945901506,2.5086331376258488e-14,2.473672785880817e-10
mistralai/Mistral-7B-Instruct-v0.3,role_reversal,26,delta_token_aligned,1500,0.09078346571648012,0.0004309473312111777,0.036999573651070414,0.1411694852839132,0.031772177201503445,0.21876610128246743,-0.023201119485408706,0.0859784997468084,0.0007534443406606021,0.24064271141071417
mistralai/Mistral-7B-Instruct-v0.3,role_reversal,27,delta_cos,1500,0.18010258807179513,2.109242897184755e-12,0.12024671049091534,0.23021397362963036,0.13839432911835964,7.389419113096388e-08,0.08435500490200858,0.1849626028533156,5.7955180922080835e-12,1.893987034813055e-07
mistralai/Mistral-7B-Instruct-v0.3,role_reversal,27,delta_frob,1500,0.19796397131553822,1.0145752484800775e-14,0.13925533160381676,0.24664925772945206,0.14947692492207804,5.987742087028833e-09,0.1000817344962595,0.193142231566234,3.306763772823956e-14,1.88186179878049e-08
mistralai/Mistral-7B-Instruct-v0.3,role_reversal,27,delta_l2,1500,0.19565929554980416,2.080609934007604e-14,0.13859350860450131,0.24288867140230053,0.16756307003583903,6.554907773711542e-11,0.11158534944487783,0.21538435673616685,6.241829802022811e-14,2.6219631094846167e-10
mistralai/Mistral-7B-Instruct-v0.3,role_reversal,27,delta_token_aligned,1500,0.09535950454665777,0.00021678341355391983,0.041036713703995996,0.1446309343650954,0.03861070517636914,0.13499356629591983,-0.01749439241908591,0.09275277059116341,0.0004208148616046679,0.152954083700098
mistralai/Mistral-7B-Instruct-v0.3,role_reversal,28,delta_cos,1500,0.18245706594484393,1.0754302513417937e-12,0.1224974747470072,0.23316033033807573,0.1401061352295468,5.07510712501203e-08,0.08596979089419848,0.18790741718767326,2.9885640668866687e-12,1.353361900003208e-07
mistralai/Mistral-7B-Instruct-v0.3,role_reversal,28,delta_frob,1500,0.1993384375806224,6.583299216607841e-15,0.13933462101794108,0.2480113514692597,0.1478553158464204,8.752523792780549e-09,0.09739142620963077,0.19191503188433356,2.228193581005731e-14,2.6559382543609942e-08
mistralai/Mistral-7B-Instruct-v0.3,role_reversal,28,delta_l2,1500,0.19965896183894596,5.948984759149217e-15,0.14104726587614136,0.24766900682780751,0.16847957732959767,5.142856960745408e-11,0.1122719409418771,0.21573926364450727,2.0664894426518335e-14,2.1214284963074808e-10
mistralai/Mistral-7B-Instruct-v0.3,role_reversal,28,delta_token_aligned,1500,0.09877279062416694,0.0001272932991564383,0.044353848303295994,0.14795390764549643,0.04037892487362935,0.11800489368413107,-0.015675987151653914,0.09383941866116227,0.0002526724133631557,0.13544909535917654
mistralai/Mistral-7B-Instruct-v0.3,role_reversal,29,delta_cos,1500,0.18773525689446474,2.2987608007508035e-13,0.12727457491690256,0.2384273038720752,0.1470778094196371,1.0484566668049785e-08,0.09418197505990736,0.19496053834913243,6.525514531163571e-13,3.145370000414935e-08
mistralai/Mistral-7B-Instruct-v0.3,role_reversal,29,delta_frob,1500,0.2037599733497156,1.6028468051584261e-15,0.1435592726258899,0.25306295668356543,0.1546230591695419,1.746653368639371e-09,0.10306339643365858,0.20002801158309766,6.0450222365974924e-15,6.067322227905184e-09
mistralai/Mistral-7B-Instruct-v0.3,role_reversal,29,delta_l2,1500,0.20467480784247827,1.1917123794359997e-15,0.14762642621100083,0.25397911259987654,0.17153949419793013,2.2656954014648427e-11,0.11518055247494524,0.21784031765438366,4.6266480613397634e-15,9.969059766445308e-11
mistralai/Mistral-7B-Instruct-v0.3,role_reversal,29,delta_token_aligned,1500,0.09869515062295489,0.00012886868074742843,0.044766941594011594,0.14795302327974796,0.0433669295855605,0.09315522995665526,-0.013132255523121509,0.09711326429501071,0.00025389053520388885,0.10979009244891513
mistralai/Mistral-7B-Instruct-v0.3,role_reversal,30,delta_cos,1500,0.1891498289219851,1.5084843400294686e-13,0.12819524366770602,0.2386040568778896,0.14423835992291556,2.011197231712002e-08,0.0926158946341229,0.19205009408170903,4.3762622611843923e-13,5.77126162143444e-08
mistralai/Mistral-7B-Instruct-v0.3,role_reversal,30,delta_frob,1500,0.1997560614399393,5.768974226206293e-15,0.1382928704312167,0.24849317802662843,0.1502544351299601,4.9840196608564666e-09,0.0985537538545333,0.19434138411143015,2.0306789276246153e-14,1.6046112078854965e-08
mistralai/Mistral-7B-Instruct-v0.3,role_reversal,30,delta_l2,1500,0.2071016640230824,5.391953994742068e-16,0.15085781736116038,0.2554205725394478,0.1714712871955375,2.3078528176606327e-11,0.11470727755447749,0.21778995822827707,2.124590827778964e-15,9.98808432561323e-11
mistralai/Mistral-7B-Instruct-v0.3,role_reversal,30,delta_token_aligned,1500,0.09709012629791808,0.00016585070483511667,0.04427646175035206,0.14660809696113114,0.044045016383489594,0.08814564441250648,-0.01236819205196518,0.09690798282352507,0.00032433026723311704,0.10482184740946716
mistralai/Mistral-7B-Instruct-v0.3,role_reversal,31,delta_cos,1500,0.18873957526005866,1.7050915475674925e-13,0.12786629825533122,0.238209907702012,0.14249441771027638,2.9820225927213e-08,0.0907199297789486,0.19074622307270725,4.892871397367587e-13,8.200562129983575e-08
mistralai/Mistral-7B-Instruct-v0.3,role_reversal,31,delta_frob,1500,0.19778910755191492,1.0717266527303813e-14,0.13606549739832516,0.24621985032598417,0.14633771076434748,1.2439830679020706e-08,0.09499960700428212,0.19139267185313874,3.450437028302691e-14,3.690017190181423e-08
mistralai/Mistral-7B-Instruct-v0.3,role_reversal,31,delta_l2,1500,0.21088552190094131,1.5350863054859567e-16,0.15439229195556647,0.2593112070248722,0.1747761962229777,9.365233750403292e-12,0.11777036907276835,0.2219741138788559,6.332231010129572e-16,4.415038768047266e-11
mistralai/Mistral-7B-Instruct-v0.3,role_reversal,31,delta_token_aligned,1500,0.09429902266076048,0.0002548930856015494,0.04078927602628624,0.14399456595041543,0.04210076179814183,0.1031186519322536,-0.014251411203899144,0.09321588523931272,0.00048762155506383364,0.11940054434260944
mistralai/Mistral-7B-Instruct-v0.3,role_reversal,32,delta_cos,1500,0.20228612417906688,2.576243183059292e-15,0.14665143908504985,0.25116838131075064,0.14883718414255628,6.958556322479706e-09,0.09560638499958415,0.19765225872010403,9.316824662022645e-15,2.1361149641100494e-08
mistralai/Mistral-7B-Instruct-v0.3,role_reversal,32,delta_frob,1500,0.2106921239865522,1.637851823751203e-16,0.15751131831104465,0.25837342015190595,0.15966712851477322,5.014149528711102e-10,0.11097032692808807,0.20721625729773369,6.652198176466425e-16,1.864416162788353e-09
mistralai/Mistral-7B-Instruct-v0.3,role_reversal,32,delta_l2,1500,0.2132445663967559,6.928616474437999e-17,0.1568349410127906,0.2630191584255735,0.17933492699706724,2.622180688094145e-12,0.12363684327282119,0.22873383584298407,2.998614343035462e-16,1.2819550030682487e-11
mistralai/Mistral-7B-Instruct-v0.3,role_reversal,32,delta_token_aligned,1500,0.11262117184853691,1.2306910988558319e-05,0.0617111000718234,0.1621249814547274,0.06751853349794984,0.008902209991361848,0.008415841773524148,0.12276060840126232,2.8008831904994795e-05,0.012635394826449074
