pair_id,phenomenon,model,total_surprisal_s,total_surprisal_cf,avg_surprisal_s,avg_surprisal_cf,delta_total_surprisal,delta_avg_surprisal,abs_delta_avg_surprisal,key_region_surprisal_s,key_region_surprisal_cf,delta_key_region_surprisal,key_region_count_s,key_region_count_cf
attach_000001,attachment,gpt2,53.551639556884766,52.831016540527344,5.95018196105957,5.870112895965576,-0.7206230163574219,-0.08006906509399414,0.08006906509399414,23.898115396499634,21.802091121673584,-2.09602427482605,3,3
attach_000002,attachment,gpt2,45.89147186279297,48.75616455078125,5.736433982849121,5.417351722717285,2.8646926879882812,-0.31908226013183594,0.31908226013183594,21.81285071372986,20.78497052192688,-1.0278801918029785,4,3
attach_000003,attachment,gpt2,46.6209831237793,51.80889892578125,5.827622890472412,5.75654411315918,5.187915802001953,-0.07107877731323242,0.07107877731323242,23.924355506896973,21.036415815353394,-2.887939691543579,4,3
attach_000004,attachment,gpt2,50.61808395385742,52.27736282348633,5.624231338500977,5.808595657348633,1.6592788696289062,0.18436431884765625,0.18436431884765625,21.436739206314087,22.874942302703857,1.4382030963897705,3,3
attach_000005,attachment,gpt2,39.23705291748047,42.90910339355469,4.904631614685059,4.767678260803223,3.6720504760742188,-0.13695335388183594,0.13695335388183594,17.49280023574829,17.085113048553467,-0.4076871871948242,4,3
attach_000006,attachment,gpt2,43.28611755371094,49.26513671875,5.410764694213867,5.473904132843018,5.9790191650390625,0.06313943862915039,0.06313943862915039,20.775697231292725,18.335211753845215,-2.4404854774475098,4,3
attach_000007,attachment,gpt2,48.07817459106445,47.02899169921875,5.342019557952881,5.225443363189697,-1.0491828918457031,-0.1165761947631836,0.1165761947631836,20.825066804885864,18.894691944122314,-1.9303748607635498,3,3
attach_000008,attachment,gpt2,42.44739532470703,48.0511360168457,5.305924415588379,5.339015007019043,5.603740692138672,0.03309059143066406,0.03309059143066406,21.53180158138275,20.86882996559143,-0.6629716157913208,4,3
attach_000009,attachment,gpt2,47.92313766479492,52.08907699584961,5.990392208099365,5.787675380706787,4.1659393310546875,-0.20271682739257812,0.20271682739257812,24.316420316696167,22.03301239013672,-2.2834079265594482,4,3
attach_000010,attachment,gpt2,47.454280853271484,47.986793518066406,5.272697925567627,5.3318657875061035,0.5325126647949219,0.05916786193847656,0.05916786193847656,20.112086534500122,19.400662422180176,-0.7114241123199463,3,3
attach_000011,attachment,gpt2,38.99039077758789,44.8699951171875,4.873798847198486,4.985555171966553,5.879604339599609,0.1117563247680664,0.1117563247680664,18.158904790878296,18.856468439102173,0.697563648223877,4,3
attach_000012,attachment,gpt2,49.552032470703125,52.14680099487305,6.194004058837891,5.794088840484619,2.594768524169922,-0.3999152183532715,0.3999152183532715,27.557183861732483,20.929461240768433,-6.62772262096405,4,3
attach_000013,attachment,gpt2,46.481834411621094,49.561424255371094,5.164648056030273,5.506824970245361,3.07958984375,0.3421769142150879,0.3421769142150879,19.99225115776062,19.51679515838623,-0.47545599937438965,3,3
attach_000014,attachment,gpt2,39.73497009277344,46.41047668457031,4.96687126159668,5.15671968460083,6.675506591796875,0.1898484230041504,0.1898484230041504,17.17162024974823,18.378630876541138,1.2070106267929077,4,3
attach_000015,attachment,gpt2,48.19607925415039,53.98949432373047,6.024509906768799,5.998832702636719,5.793415069580078,-0.025677204132080078,0.025677204132080078,25.16294491291046,24.038854598999023,-1.124090313911438,4,3
attach_000016,attachment,gpt2,44.078086853027344,40.677886962890625,4.8975653648376465,4.519765377044678,-3.4001998901367188,-0.37779998779296875,0.37779998779296875,22.35188126564026,19.687296867370605,-2.6645843982696533,3,3
attach_000017,attachment,gpt2,47.42604446411133,50.978675842285156,5.928255558013916,5.664297103881836,3.552631378173828,-0.2639584541320801,0.2639584541320801,23.597338676452637,21.054401636123657,-2.5429370403289795,4,3
attach_000018,attachment,gpt2,44.032257080078125,46.62257766723633,5.504032135009766,5.180286407470703,2.590320587158203,-0.3237457275390625,0.3237457275390625,21.34197199344635,18.95798635482788,-2.3839856386184692,4,3
attach_000019,attachment,gpt2,47.44602966308594,51.070762634277344,5.271780967712402,5.674529075622559,3.6247329711914062,0.40274810791015625,0.40274810791015625,23.68062710762024,20.69159507751465,-2.989032030105591,3,3
attach_000020,attachment,gpt2,44.470481872558594,48.68660354614258,5.558810234069824,5.409622669219971,4.216121673583984,-0.14918756484985352,0.14918756484985352,20.08632779121399,21.589645624160767,1.5033178329467773,4,3
attach_000021,attachment,gpt2,41.55437469482422,48.710140228271484,5.194296836853027,5.412237644195557,7.155765533447266,0.2179408073425293,0.2179408073425293,19.567251324653625,17.21491050720215,-2.352340817451477,4,3
attach_000022,attachment,gpt2,46.43144607543945,48.197723388671875,5.1590495109558105,5.355302810668945,1.7662773132324219,0.19625329971313477,0.19625329971313477,20.91442036628723,19.305050373077393,-1.6093699932098389,3,3
attach_000023,attachment,gpt2,41.73533630371094,48.886024475097656,5.216917037963867,5.4317803382873535,7.150688171386719,0.21486330032348633,0.21486330032348633,19.544922471046448,19.14279818534851,-0.402124285697937,4,3
attach_000024,attachment,gpt2,45.40251922607422,45.5089111328125,5.675314903259277,5.056545734405518,0.10639190673828125,-0.6187691688537598,0.6187691688537598,23.045331120491028,18.47860026359558,-4.566730856895447,4,3
attach_000025,attachment,gpt2,46.96040725708008,49.378578186035156,5.217823028564453,5.486508846282959,2.418170928955078,0.26868581771850586,0.26868581771850586,20.731142282485962,21.769653797149658,1.0385115146636963,3,3
attach_000026,attachment,gpt2,41.826576232910156,45.99229049682617,5.2283220291137695,5.110254287719727,4.165714263916016,-0.11806774139404297,0.11806774139404297,21.876187801361084,23.297830820083618,1.4216430187225342,4,3
attach_000027,attachment,gpt2,38.99039077758789,47.24380111694336,4.873798847198486,5.249311447143555,8.253410339355469,0.37551259994506836,0.37551259994506836,18.158904790878296,20.988486289978027,2.8295814990997314,4,3
attach_000028,attachment,gpt2,47.82305908203125,46.62257766723633,5.31367301940918,5.180286407470703,-1.2004814147949219,-0.13338661193847656,0.13338661193847656,20.309999704360962,18.95798635482788,-1.352013349533081,3,3
attach_000029,attachment,gpt2,44.032257080078125,47.82305908203125,5.504032135009766,5.31367301940918,3.790802001953125,-0.19035911560058594,0.19035911560058594,21.34197199344635,20.309999704360962,-1.0319722890853882,4,3
attach_000030,attachment,gpt2,48.19607925415039,53.98949432373047,6.024509906768799,5.998832702636719,5.793415069580078,-0.025677204132080078,0.025677204132080078,25.16294491291046,24.038854598999023,-1.124090313911438,4,3
attach_000031,attachment,gpt2,49.03568649291992,50.4078483581543,5.448409557342529,5.600872039794922,1.372161865234375,0.15246248245239258,0.15246248245239258,20.878191709518433,22.120452404022217,1.2422606945037842,3,3
attach_000032,attachment,gpt2,39.64879608154297,43.91053009033203,4.956099510192871,4.878947734832764,4.2617340087890625,-0.07715177536010742,0.07715177536010742,16.980143904685974,17.80103898048401,0.8208950757980347,4,3
attach_000033,attachment,gpt2,42.719573974609375,44.435550689697266,5.339946746826172,4.937283515930176,1.7159767150878906,-0.4026632308959961,0.4026632308959961,20.906132340431213,17.595080852508545,-3.3110514879226685,4,3
attach_000034,attachment,gpt2,44.846221923828125,48.82372283935547,4.982913494110107,5.424858093261719,3.9775009155273438,0.44194459915161133,0.44194459915161133,19.789119958877563,18.492656707763672,-1.2964632511138916,3,3
attach_000035,attachment,gpt2,43.81016540527344,50.36693572998047,5.47627067565918,5.5963263511657715,6.556770324707031,0.1200556755065918,0.1200556755065918,21.43722176551819,23.88461995124817,2.4473981857299805,4,3
attach_000036,attachment,gpt2,44.614410400390625,46.143951416015625,5.576801300048828,5.127105712890625,1.529541015625,-0.4496955871582031,0.4496955871582031,21.222886085510254,17.853503227233887,-3.369382858276367,4,3
attach_000037,attachment,gpt2,45.861045837402344,49.26093673706055,5.095671653747559,5.473437309265137,3.399890899658203,0.3777656555175781,0.3777656555175781,20.987322092056274,20.17633867263794,-0.810983419418335,3,3
attach_000038,attachment,gpt2,40.759132385253906,46.96040725708008,5.094891548156738,5.217823028564453,6.201274871826172,0.12293148040771484,0.12293148040771484,21.967461585998535,20.731142282485962,-1.2363193035125732,4,3
attach_000039,attachment,gpt2,44.894805908203125,52.632720947265625,5.611850738525391,5.848080158233643,7.7379150390625,0.23622941970825195,0.23622941970825195,19.15703248977661,20.134151458740234,0.977118968963623,4,3
attach_000040,attachment,gpt2,45.88801193237305,46.15544509887695,5.098668098449707,5.128382682800293,0.26743316650390625,0.029714584350585938,0.029714584350585938,22.7659170627594,23.083360195159912,0.3174431324005127,3,3
attach_000041,attachment,gpt2,46.32197570800781,48.41319274902344,5.790246963500977,5.379243850708008,2.091217041015625,-0.41100311279296875,0.41100311279296875,23.28084647655487,21.362455129623413,-1.9183913469314575,4,3
attach_000042,attachment,gpt2,40.37046813964844,48.28093338012695,5.046308517456055,5.364548206329346,7.910465240478516,0.318239688873291,0.318239688873291,18.005953550338745,19.548601627349854,1.5426480770111084,4,3
attach_000043,attachment,gpt2,44.078086853027344,40.677886962890625,4.8975653648376465,4.519765377044678,-3.4001998901367188,-0.37779998779296875,0.37779998779296875,22.35188126564026,19.687296867370605,-2.6645843982696533,3,3
attach_000044,attachment,gpt2,45.629364013671875,48.07817459106445,5.703670501708984,5.342019557952881,2.448810577392578,-0.3616509437561035,0.3616509437561035,22.357920169830322,20.825066804885864,-1.532853364944458,4,3
attach_000045,attachment,gpt2,41.19854736328125,45.65857696533203,5.149818420410156,5.073175430297852,4.460029602050781,-0.07664299011230469,0.07664299011230469,18.241029143333435,16.042993307113647,-2.1980358362197876,4,3
attach_000046,attachment,gpt2,50.662269592285156,51.9033203125,5.629140853881836,5.767035484313965,1.2410507202148438,0.1378946304321289,0.1378946304321289,22.5967800617218,24.25891637802124,1.6621363162994385,3,3
attach_000047,attachment,gpt2,48.85983657836914,49.44199752807617,6.107479572296143,5.493555068969727,0.5821609497070312,-0.613924503326416,0.613924503326416,24.42733895778656,22.501470804214478,-1.9258681535720825,4,3
attach_000048,attachment,gpt2,44.614410400390625,46.143951416015625,5.576801300048828,5.127105712890625,1.529541015625,-0.4496955871582031,0.4496955871582031,21.222886085510254,17.853503227233887,-3.369382858276367,4,3
attach_000049,attachment,gpt2,51.983985900878906,52.19700622558594,5.775998592376709,5.7996673583984375,0.21302032470703125,0.023668766021728516,0.023668766021728516,23.966528177261353,23.39024591445923,-0.576282262802124,3,3
attach_000050,attachment,gpt2,43.28611755371094,47.39455795288086,5.410764694213867,5.266061782836914,4.108440399169922,-0.14470291137695312,0.14470291137695312,20.775697231292725,20.39698052406311,-0.37871670722961426,4,3
attach_000051,attachment,gpt2,43.38507080078125,44.46263885498047,5.423133850097656,4.940293312072754,1.0775680541992188,-0.48284053802490234,0.48284053802490234,21.7498459815979,18.715428829193115,-3.034417152404785,4,3
attach_000052,attachment,gpt2,45.376792907714844,42.8565559387207,5.041865825653076,4.761839389801025,-2.5202369689941406,-0.2800264358520508,0.2800264358520508,20.470982789993286,16.009404182434082,-4.461578607559204,3,3
attach_000053,attachment,gpt2,46.62900924682617,50.505104064941406,5.8286261558532715,5.611678123474121,3.8760948181152344,-0.2169480323791504,0.2169480323791504,23.405288219451904,22.09658646583557,-1.308701753616333,4,3
attach_000054,attachment,gpt2,42.14552307128906,50.595603942871094,5.268190383911133,5.621733665466309,8.450080871582031,0.3535432815551758,0.3535432815551758,17.838972568511963,20.433171272277832,2.594198703765869,4,3
attach_000055,attachment,gpt2,47.82292175292969,44.46263885498047,5.313657760620117,4.940293312072754,-3.3602828979492188,-0.3733644485473633,0.3733644485473633,21.408112287521362,18.715428829193115,-2.692683458328247,3,3
attach_000056,attachment,gpt2,43.92014694213867,50.01457214355469,5.490018367767334,5.5571746826171875,6.094425201416016,0.06715631484985352,0.06715631484985352,23.346721410751343,24.262148141860962,0.9154267311096191,4,3
attach_000057,attachment,gpt2,46.20050811767578,54.21461868286133,5.775063514709473,6.023846626281738,8.014110565185547,0.24878311157226562,0.24878311157226562,19.825417041778564,21.364145278930664,1.5387282371520996,4,3
attach_000058,attachment,gpt2,48.726200103759766,47.76522445678711,5.414022445678711,5.307247161865234,-0.9609756469726562,-0.10677528381347656,0.10677528381347656,18.63912272453308,16.688507556915283,-1.9506151676177979,3,3
attach_000059,attachment,gpt2,48.06504821777344,49.15043640136719,6.00813102722168,5.461159706115723,1.08538818359375,-0.546971321105957,0.546971321105957,24.970881819725037,22.55812096595764,-2.412760853767395,4,3
attach_000060,attachment,gpt2,48.5135612487793,52.68414306640625,6.064195156097412,5.853793621063232,4.170581817626953,-0.2104015350341797,0.2104015350341797,24.143314123153687,18.8855242729187,-5.257789850234985,4,3
attach_000061,attachment,gpt2,46.79069137573242,46.05652618408203,5.198965549468994,5.117391586303711,-0.7341651916503906,-0.0815739631652832,0.0815739631652832,20.0984308719635,19.35439944267273,-0.7440314292907715,3,3
attach_000062,attachment,gpt2,40.98786163330078,45.09343338012695,5.123482704162598,5.010381698608398,4.105571746826172,-0.11310100555419922,0.11310100555419922,19.94000780582428,19.742103815078735,-0.19790399074554443,4,3
attach_000063,attachment,gpt2,46.6209831237793,51.80889892578125,5.827622890472412,5.75654411315918,5.187915802001953,-0.07107877731323242,0.07107877731323242,23.924355506896973,21.036415815353394,-2.887939691543579,4,3
attach_000064,attachment,gpt2,45.980613708496094,45.679443359375,5.108957290649414,5.075493812561035,-0.30117034912109375,-0.033463478088378906,0.033463478088378906,19.5503671169281,16.71280550956726,-2.83756160736084,3,3
attach_000065,attachment,gpt2,46.305931091308594,53.551639556884766,5.788241386413574,5.95018196105957,7.245708465576172,0.1619405746459961,0.1619405746459961,22.833463430404663,23.898115396499634,1.0646519660949707,4,3
attach_000066,attachment,gpt2,44.6496696472168,52.942806243896484,5.5812087059021,5.882534027099609,8.293136596679688,0.30132532119750977,0.30132532119750977,18.836711168289185,20.547500133514404,1.7107889652252197,4,3
attach_000067,attachment,gpt2,49.15043640136719,52.949462890625,5.461159706115723,5.883273601531982,3.7990264892578125,0.42211389541625977,0.42211389541625977,22.55812096595764,20.788172245025635,-1.7699487209320068,3,3
attach_000068,attachment,gpt2,43.834381103515625,49.639163970947266,5.479297637939453,5.515462875366211,5.804782867431641,0.03616523742675781,0.03616523742675781,18.010760068893433,20.751796007156372,2.7410359382629395,4,3
attach_000069,attachment,gpt2,46.95722198486328,51.9033203125,5.86965274810791,5.767035484313965,4.946098327636719,-0.10261726379394531,0.10261726379394531,26.207523345947266,24.25891637802124,-1.9486069679260254,4,3
attach_000070,attachment,gpt2,49.37916946411133,50.92085647583008,5.486574172973633,5.657873153686523,1.54168701171875,0.17129898071289062,0.17129898071289062,22.55552887916565,22.319480419158936,-0.23604846000671387,3,3
attach_000071,attachment,gpt2,43.580970764160156,48.48356246948242,5.4476213455200195,5.3870625495910645,4.902591705322266,-0.06055879592895508,0.06055879592895508,21.803467273712158,20.165574312210083,-1.6378929615020752,4,3
attach_000072,attachment,gpt2,40.82518005371094,42.8565559387207,5.103147506713867,4.761839389801025,2.0313758850097656,-0.3413081169128418,0.3413081169128418,19.322352647781372,16.009404182434082,-3.31294846534729,4,3
attach_000073,attachment,gpt2,51.13668441772461,52.937095642089844,5.681853771209717,5.881899356842041,1.8004112243652344,0.20004558563232422,0.20004558563232422,22.03488564491272,23.39279079437256,1.3579051494598389,3,3
attach_000074,attachment,gpt2,40.37046813964844,46.50459289550781,5.046308517456055,5.167177200317383,6.134124755859375,0.12086868286132812,0.12086868286132812,18.005953550338745,19.96202778816223,1.9560742378234863,4,3
attach_000075,attachment,gpt2,45.9664421081543,51.206016540527344,5.745805263519287,5.6895575523376465,5.239574432373047,-0.056247711181640625,0.056247711181640625,23.127812266349792,19.893712520599365,-3.2340997457504272,4,3
attach_000076,attachment,gpt2,46.41047668457031,47.046512603759766,5.15671968460083,5.227390289306641,0.6360359191894531,0.07067060470581055,0.07067060470581055,18.378630876541138,17.522307872772217,-0.8563230037689209,3,3
attach_000077,attachment,gpt2,40.71863555908203,47.70600509643555,5.089829444885254,5.3006672859191895,6.987369537353516,0.21083784103393555,0.21083784103393555,20.092339277267456,19.599515199661255,-0.49282407760620117,4,3
attach_000078,attachment,gpt2,46.94260025024414,50.854244232177734,5.867825031280518,5.6504716873168945,3.9116439819335938,-0.21735334396362305,0.21735334396362305,24.473202228546143,21.86510944366455,-2.608092784881592,4,3
attach_000079,attachment,gpt2,47.35734176635742,45.073001861572266,5.261926651000977,5.008111476898193,-2.2843399047851562,-0.2538151741027832,0.2538151741027832,21.622339487075806,17.990745544433594,-3.631593942642212,3,3
attach_000080,attachment,gpt2,44.470481872558594,48.68660354614258,5.558810234069824,5.409622669219971,4.216121673583984,-0.14918756484985352,0.14918756484985352,20.08632779121399,21.589645624160767,1.5033178329467773,4,3
attach_000081,attachment,gpt2,44.93849182128906,46.755332946777344,5.617311477661133,5.195036888122559,1.8168411254882812,-0.4222745895385742,0.4222745895385742,22.20047700405121,18.166094064712524,-4.034382939338684,4,3
attach_000082,attachment,gpt2,50.01457214355469,50.27077102661133,5.5571746826171875,5.585641384124756,0.2561988830566406,0.02846670150756836,0.02846670150756836,24.262148141860962,22.888111114501953,-1.3740370273590088,3,3
attach_000083,attachment,gpt2,40.36381149291992,45.96534729003906,5.04547643661499,5.107260704040527,5.601535797119141,0.06178426742553711,0.06178426742553711,18.642285227775574,18.94352078437805,0.301235556602478,4,3
attach_000084,attachment,gpt2,44.25880813598633,49.51231002807617,5.532351016998291,5.501367568969727,5.253501892089844,-0.030983448028564453,0.030983448028564453,21.805813789367676,18.144003868103027,-3.6618099212646484,4,3
attach_000085,attachment,gpt2,48.726200103759766,47.76522445678711,5.414022445678711,5.307247161865234,-0.9609756469726562,-0.10677528381347656,0.10677528381347656,18.63912272453308,16.688507556915283,-1.9506151676177979,3,3
attach_000086,attachment,gpt2,47.77423095703125,47.05238342285156,5.971778869628906,5.2280426025390625,-0.7218475341796875,-0.7437362670898438,0.7437362670898438,26.465152144432068,21.9467613697052,-4.518390774726868,4,3
attach_000087,attachment,gpt2,45.611572265625,51.98381805419922,5.701446533203125,5.775979995727539,6.372245788574219,0.07453346252441406,0.07453346252441406,23.222169041633606,22.88481044769287,-0.33735859394073486,4,3
attach_000088,attachment,gpt2,49.074222564697266,51.661720275878906,5.452691555023193,5.7401909828186035,2.5874977111816406,0.28749942779541016,0.28749942779541016,20.814303159713745,22.94250774383545,2.128204584121704,3,3
attach_000089,attachment,gpt2,39.64879608154297,43.91053009033203,4.956099510192871,4.878947734832764,4.2617340087890625,-0.07715177536010742,0.07715177536010742,16.980143904685974,17.80103898048401,0.8208950757980347,4,3
attach_000090,attachment,gpt2,41.747581481933594,49.26093673706055,5.218447685241699,5.473437309265137,7.513355255126953,0.2549896240234375,0.2549896240234375,20.318453311920166,20.17633867263794,-0.14211463928222656,4,3
attach_000091,attachment,gpt2,46.50459289550781,48.28093338012695,5.167177200317383,5.364548206329346,1.7763404846191406,0.1973710060119629,0.1973710060119629,19.96202778816223,19.548601627349854,-0.41342616081237793,3,3
attach_000092,attachment,gpt2,43.40190887451172,46.44733810424805,5.425238609313965,5.160815238952637,3.045429229736328,-0.2644233703613281,0.2644233703613281,21.927072167396545,20.1685049533844,-1.758567214012146,4,3
attach_000093,attachment,gpt2,40.98786163330078,42.379554748535156,5.123482704162598,4.708839416503906,1.391693115234375,-0.4146432876586914,0.4146432876586914,19.94000780582428,17.029594898223877,-2.910412907600403,4,3
attach_000094,attachment,gpt2,45.09343338012695,42.379554748535156,5.010381698608398,4.708839416503906,-2.713878631591797,-0.3015422821044922,0.3015422821044922,19.742103815078735,17.029594898223877,-2.7125089168548584,3,3
attach_000095,attachment,gpt2,43.85041046142578,45.01490020751953,5.481301307678223,5.001655578613281,1.16448974609375,-0.4796457290649414,0.4796457290649414,23.898155689239502,21.661733865737915,-2.236421823501587,4,3
attach_000096,attachment,gpt2,40.916786193847656,42.54979705810547,5.114598274230957,4.727755069732666,1.6330108642578125,-0.386843204498291,0.386843204498291,19.19121539592743,15.584888935089111,-3.606326460838318,4,3
attach_000097,attachment,gpt2,46.0556526184082,45.77065658569336,5.117294788360596,5.085628509521484,-0.28499603271484375,-0.03166627883911133,0.03166627883911133,22.234400987625122,23.03756046295166,0.8031594753265381,3,3
attach_000098,attachment,gpt2,43.31379699707031,48.66254425048828,5.414224624633789,5.406949520111084,5.348747253417969,-0.007275104522705078,0.007275104522705078,21.10330104827881,19.520299196243286,-1.5830018520355225,4,3
attach_000099,attachment,gpt2,40.63929748535156,41.89387893676758,5.079912185668945,4.6548752784729,1.2545814514160156,-0.4250369071960449,0.4250369071960449,17.553728580474854,14.356464385986328,-3.1972641944885254,4,3
attach_000100,attachment,gpt2,49.30134201049805,52.046363830566406,5.477926731109619,5.782929420471191,2.7450218200683594,0.30500268936157227,0.30500268936157227,21.290313005447388,19.82577419281006,-1.464538812637329,3,3
neg_000001,negation,gpt2,29.748891830444336,32.84070587158203,5.9497785568237305,4.691529273986816,3.0918140411376953,-1.258249282836914,1.258249282836914,7.696168899536133,7.094338744878769,-0.6018301546573639,1,2
neg_000002,negation,gpt2,36.07472229003906,34.58242416381836,5.153531551361084,6.916484832763672,-1.4922981262207031,1.762953281402588,1.762953281402588,6.779774188995361,8.511642456054688,1.7318682670593262,2,1
neg_000003,negation,gpt2,31.8873233795166,35.686805725097656,6.377464771270752,5.098114967346191,3.7994823455810547,-1.2793498039245605,1.2793498039245605,9.791828155517578,9.129847824573517,-0.6619803309440613,1,2
neg_000004,negation,gpt2,41.31564712524414,37.82695770263672,5.902235507965088,7.565391540527344,-3.488689422607422,1.6631560325622559,1.6631560325622559,10.962518960237503,12.122404098510742,1.1598851382732391,2,1
neg_000005,negation,gpt2,29.85820198059082,34.00075912475586,5.971640586853027,4.857251167297363,4.142557144165039,-1.114389419555664,1.114389419555664,8.325279235839844,8.117976665496826,-0.20730257034301758,1,2
neg_000006,negation,gpt2,33.81444549560547,30.593814849853516,4.830635070800781,6.118762969970703,-3.220630645751953,1.2881278991699219,1.2881278991699219,8.378296732902527,7.312067031860352,-1.0662297010421753,2,1
neg_000007,negation,gpt2,33.91219711303711,38.967132568359375,6.782439231872559,5.566733360290527,5.054935455322266,-1.2157058715820312,1.2157058715820312,12.040521621704102,12.450654357671738,0.4101327359676361,1,2
neg_000008,negation,gpt2,36.17013168334961,33.79025650024414,5.167161464691162,6.75805139541626,-2.3798751831054688,1.5908899307250977,1.5908899307250977,8.124230176210403,9.438278198242188,1.314048022031784,2,1
neg_000009,negation,gpt2,33.984458923339844,39.08285140991211,6.796891689300537,5.583264350891113,5.098392486572266,-1.2136273384094238,1.2136273384094238,8.567456245422363,9.17658057808876,0.6091243326663971,1,2
neg_000010,negation,gpt2,36.420528411865234,35.204498291015625,5.202932834625244,7.040899753570557,-1.2160301208496094,1.8379669189453125,1.8379669189453125,9.076640456914902,11.223337173461914,2.1466967165470123,2,1
neg_000011,negation,gpt2,29.106700897216797,33.298553466796875,5.821340084075928,4.756936073303223,4.191852569580078,-1.064404010772705,1.064404010772705,6.09077787399292,6.632466733455658,0.541688859462738,1,2
neg_000012,negation,gpt2,35.16948699951172,33.54560852050781,5.02421236038208,6.7091217041015625,-1.6238784790039062,1.6849093437194824,1.6849093437194824,8.053294509649277,9.988283157348633,1.934988647699356,2,1
neg_000013,negation,gpt2,28.241735458374023,31.95701789855957,5.648346900939941,4.565288066864014,3.715282440185547,-1.0830588340759277,1.0830588340759277,6.595769882202148,6.393464803695679,-0.20230507850646973,1,2
neg_000014,negation,gpt2,30.75851821899414,29.262739181518555,4.394073963165283,5.852547645568848,-1.495779037475586,1.4584736824035645,1.4584736824035645,7.546219706535339,9.305482864379883,1.7592631578445435,2,1
neg_000015,negation,gpt2,30.50741958618164,36.373695373535156,6.1014838218688965,5.196242332458496,5.866275787353516,-0.9052414894104004,0.9052414894104004,9.149534225463867,9.620132684707642,0.4705984592437744,1,2
neg_000016,negation,gpt2,36.90069580078125,34.823429107666016,5.2715277671813965,6.964685916900635,-2.0772666931152344,1.6931581497192383,1.6931581497192383,8.670945048332214,10.251504898071289,1.5805598497390747,2,1
neg_000017,negation,gpt2,32.56605529785156,35.99810028076172,6.513211250305176,5.142585754394531,3.4320449829101562,-1.3706254959106445,1.3706254959106445,8.625905990600586,8.126980185508728,-0.4989258050918579,1,2
neg_000018,negation,gpt2,40.60547637939453,34.646175384521484,5.800782203674316,6.929234981536865,-5.959300994873047,1.1284527778625488,1.1284527778625488,9.573229849338531,8.699126243591309,-0.8741036057472229,2,1
neg_000019,negation,gpt2,35.40727233886719,37.7133674621582,7.081454277038574,5.3876237869262695,2.3060951232910156,-1.6938304901123047,1.6938304901123047,6.670683860778809,6.781680643558502,0.1109967827796936,1,2
neg_000020,negation,gpt2,38.01765823364258,34.0806770324707,5.431094169616699,6.816135406494141,-3.936981201171875,1.3850412368774414,1.3850412368774414,8.179538309574127,8.034560203552246,-0.1449781060218811,2,1
neg_000021,negation,gpt2,37.22462463378906,38.859554290771484,7.444924831390381,5.551364898681641,1.6349296569824219,-1.8935599327087402,1.8935599327087402,10.151351928710938,8.494716167449951,-1.6566357612609863,1,2
neg_000022,negation,gpt2,37.19442367553711,32.67084884643555,5.313488960266113,6.534169673919678,-4.5235748291015625,1.2206807136535645,1.2206807136535645,9.197450399398804,8.942876815795898,-0.2545735836029053,2,1
neg_000023,negation,gpt2,32.589656829833984,35.84910583496094,6.5179314613342285,5.12130069732666,3.259449005126953,-1.3966307640075684,1.3966307640075684,9.282172203063965,7.249360144138336,-2.0328120589256287,1,2
neg_000024,negation,gpt2,33.13422393798828,29.703998565673828,4.733460426330566,5.940799713134766,-3.430225372314453,1.2073392868041992,1.2073392868041992,7.01044288277626,8.26086139678955,1.2504185140132904,2,1
neg_000025,negation,gpt2,32.7061882019043,34.92945861816406,6.541237831115723,4.989922523498535,2.2232704162597656,-1.5513153076171875,1.5513153076171875,8.430746078491211,7.8758642971515656,-0.5548817813396454,1,2
neg_000026,negation,gpt2,35.89030838012695,34.99196243286133,5.1271867752075195,6.998392581939697,-0.898345947265625,1.8712058067321777,1.8712058067321777,6.921693652868271,7.914006233215332,0.9923125803470612,2,1
neg_000027,negation,gpt2,32.59867858886719,35.08759307861328,6.519735813140869,5.012513160705566,2.4889144897460938,-1.5072226524353027,1.5072226524353027,8.442394256591797,7.2656607031822205,-1.1767335534095764,1,2
neg_000028,negation,gpt2,37.5089225769043,34.22978210449219,5.358417510986328,6.845956325531006,-3.2791404724121094,1.4875388145446777,1.4875388145446777,7.781116962432861,9.479263305664062,1.6981463432312012,2,1
neg_000029,negation,gpt2,29.797252655029297,33.903656005859375,5.959450721740723,4.843379497528076,4.106403350830078,-1.1160712242126465,1.1160712242126465,8.702877044677734,8.63700419664383,-0.06587284803390503,1,2
neg_000030,negation,gpt2,33.25730895996094,29.402984619140625,4.751044273376465,5.880597114562988,-3.8543243408203125,1.1295528411865234,1.1295528411865234,8.16159737110138,7.124917984008789,-1.0366793870925903,2,1
neg_000031,negation,gpt2,32.29700469970703,36.776954650878906,6.4594011306762695,5.25385046005249,4.479949951171875,-1.2055506706237793,1.2055506706237793,10.581274032592773,11.034677773714066,0.4534037411212921,1,2
neg_000032,negation,gpt2,39.143463134765625,33.73863220214844,5.591923236846924,6.7477264404296875,-5.4048309326171875,1.1558032035827637,1.1558032035827637,8.908605724573135,8.510266304016113,-0.3983394205570221,2,1
neg_000033,negation,gpt2,26.242074966430664,31.160846710205078,5.248414993286133,4.451549530029297,4.918771743774414,-0.7968654632568359,0.7968654632568359,5.641638278961182,6.154369354248047,0.5127310752868652,1,2
neg_000034,negation,gpt2,37.55365753173828,33.092979431152344,5.364808082580566,6.618596076965332,-4.4606781005859375,1.2537879943847656,1.2537879943847656,6.237096935510635,6.877293586730957,0.6401966512203217,2,1
neg_000035,negation,gpt2,30.413658142089844,32.96921157836914,6.0827317237854,4.709887504577637,2.555553436279297,-1.3728442192077637,1.3728442192077637,8.430746078491211,7.8758642971515656,-0.5548817813396454,1,2
neg_000036,negation,gpt2,40.93067932128906,36.157161712646484,5.847239971160889,7.2314324378967285,-4.773517608642578,1.3841924667358398,1.3841924667358398,11.541580438613892,11.436346054077148,-0.10523438453674316,2,1
neg_000037,negation,gpt2,33.13707733154297,38.064117431640625,6.627415657043457,5.4377312660217285,4.927040100097656,-1.1896843910217285,1.1896843910217285,9.994592666625977,9.157111287117004,-0.8374813795089722,1,2
neg_000038,negation,gpt2,35.23880386352539,31.23883628845215,5.034114837646484,6.247767448425293,-3.999967575073242,1.2136526107788086,1.2136526107788086,5.670371055603027,5.670533180236816,0.0001621246337890625,2,1
neg_000039,negation,gpt2,35.17277908325195,40.47677993774414,7.034555912017822,5.782397270202637,5.3040008544921875,-1.2521586418151855,1.2521586418151855,11.551034927368164,12.317496418952942,0.7664614915847778,1,2
neg_000040,negation,gpt2,41.08967590332031,35.64194869995117,5.869953632354736,7.128389835357666,-5.447727203369141,1.2584362030029297,1.2584362030029297,14.322825759649277,13.145318984985352,-1.1775067746639252,2,1
neg_000041,negation,gpt2,31.123252868652344,37.179813385009766,6.2246503829956055,5.311401844024658,6.056560516357422,-0.9132485389709473,0.9132485389709473,7.894102096557617,9.717180013656616,1.823077917098999,1,2
neg_000042,negation,gpt2,33.68156051635742,30.807445526123047,4.811651706695557,6.161489009857178,-2.874114990234375,1.349837303161621,1.349837303161621,6.632466733455658,6.09077787399292,-0.541688859462738,2,1
neg_000043,negation,gpt2,35.53535461425781,39.887699127197266,7.1070709228515625,5.698242664337158,4.352344512939453,-1.4088282585144043,1.4088282585144043,10.44849967956543,10.41622531414032,-0.03227436542510986,1,2
neg_000044,negation,gpt2,30.95436668395996,26.875015258789062,4.422052383422852,5.375002861022949,-4.079351425170898,0.9529504776000977,0.9529504776000977,8.63700419664383,8.702877044677734,0.06587284803390503,2,1
neg_000045,negation,gpt2,27.531028747558594,31.38222312927246,5.5062055587768555,4.483174800872803,3.851194381713867,-1.0230307579040527,1.0230307579040527,9.821693420410156,9.17491626739502,-0.6467771530151367,1,2
neg_000046,negation,gpt2,36.32898712158203,34.07249450683594,5.189855098724365,6.8144989013671875,-2.2564926147460938,1.6246438026428223,1.6246438026428223,8.714882642030716,10.058906555175781,1.3440239131450653,2,1
neg_000047,negation,gpt2,29.66192626953125,32.62078857421875,5.932385444641113,4.6601128578186035,2.9588623046875,-1.2722725868225098,1.2722725868225098,7.66804838180542,7.2635549902915955,-0.40449339151382446,1,2
neg_000048,negation,gpt2,36.958282470703125,36.064022064208984,5.279754638671875,7.212804317474365,-0.8942604064941406,1.9330496788024902,1.9330496788024902,8.136200964450836,10.81687068939209,2.6806697249412537,2,1
neg_000049,negation,gpt2,34.955692291259766,39.85957717895508,6.991138458251953,5.694225311279297,4.9038848876953125,-1.2969131469726562,1.2969131469726562,12.334829330444336,12.785242348909378,0.4504130184650421,1,2
neg_000050,negation,gpt2,34.64505386352539,32.44803237915039,4.949293613433838,6.4896063804626465,-2.197021484375,1.5403127670288086,1.5403127670288086,8.136707782745361,9.313499450683594,1.1767916679382324,2,1
neg_000051,negation,gpt2,30.17205047607422,34.78657913208008,6.034409999847412,4.96951150894165,4.614528656005859,-1.0648984909057617,1.0648984909057617,7.0226263999938965,7.697952508926392,0.6753261089324951,1,2
neg_000052,negation,gpt2,36.84318161010742,35.73052978515625,5.263311862945557,7.146105766296387,-1.1126518249511719,1.88279390335083,1.88279390335083,7.752945184707642,8.585737228393555,0.8327920436859131,2,1
neg_000053,negation,gpt2,32.6221809387207,37.927589416503906,6.524435997009277,5.418227195739746,5.305408477783203,-1.1062088012695312,1.1062088012695312,8.916788101196289,9.394226908683777,0.4774388074874878,1,2
neg_000054,negation,gpt2,30.04065704345703,24.668359756469727,4.29152250289917,4.933671951293945,-5.372297286987305,0.6421494483947754,0.6421494483947754,6.154369354248047,5.641638278961182,-0.5127310752868652,2,1
neg_000055,negation,gpt2,27.4152774810791,28.554189682006836,5.483055591583252,4.079169750213623,1.1389122009277344,-1.403885841369629,1.403885841369629,6.389520645141602,5.857127517461777,-0.5323931276798248,1,2
neg_000056,negation,gpt2,35.622440338134766,34.07288360595703,5.0889201164245605,6.814576625823975,-1.5495567321777344,1.725656509399414,1.725656509399414,7.6436275243759155,9.503538131713867,1.8599106073379517,2,1
neg_000057,negation,gpt2,35.43018341064453,37.153419494628906,7.086036682128906,5.307631492614746,1.723236083984375,-1.7784051895141602,1.7784051895141602,8.548954963684082,9.383561462163925,0.8346064984798431,1,2
neg_000058,negation,gpt2,34.932373046875,32.849754333496094,4.9903388023376465,6.569951057434082,-2.0826187133789062,1.5796122550964355,1.5796122550964355,7.649268269538879,8.610879898071289,0.9616116285324097,2,1
neg_000059,negation,gpt2,37.85304260253906,38.86748123168945,7.570608615875244,5.552497386932373,1.0144386291503906,-2.018111228942871,2.018111228942871,10.251504898071289,8.670945048332214,-1.5805598497390747,1,2
neg_000060,negation,gpt2,39.68510818481445,35.14556884765625,5.6693010330200195,7.02911376953125,-4.539539337158203,1.3598127365112305,1.3598127365112305,11.40963351726532,11.517736434936523,0.10810291767120361,2,1
neg_000061,negation,gpt2,32.83518600463867,36.80929946899414,6.567037105560303,5.258471488952637,3.9741134643554688,-1.308565616607666,1.308565616607666,11.628063201904297,11.25552886724472,-0.3725343346595764,1,2
neg_000062,negation,gpt2,38.570945739746094,34.51757049560547,5.510135173797607,6.9035139083862305,-4.053375244140625,1.393378734588623,1.393378734588623,11.40963351726532,11.517736434936523,0.10810291767120361,2,1
neg_000063,negation,gpt2,33.91850662231445,34.473148345947266,6.783701419830322,4.9247355461120605,0.5546417236328125,-1.8589658737182617,1.8589658737182617,9.122797012329102,7.345637649297714,-1.7771593630313873,1,2
neg_000064,negation,gpt2,39.267173767089844,35.320465087890625,5.609596252441406,7.064093112945557,-3.9467086791992188,1.4544968605041504,1.4544968605041504,10.870608389377594,11.227850914001465,0.35724252462387085,2,1
neg_000065,negation,gpt2,31.338237762451172,33.52354431152344,6.267647743225098,4.7890777587890625,2.1853065490722656,-1.4785699844360352,1.4785699844360352,9.365227699279785,8.15860402584076,-1.2066236734390259,1,2
neg_000066,negation,gpt2,38.41582489013672,36.40678024291992,5.487975120544434,7.281355857849121,-2.009044647216797,1.7933807373046875,1.7933807373046875,10.577042907476425,11.087930679321289,0.5108877718448639,2,1
neg_000067,negation,gpt2,31.511547088623047,34.16488265991211,6.302309513092041,4.880697727203369,2.6533355712890625,-1.4216117858886719,1.4216117858886719,7.124917984008789,8.16159737110138,1.0366793870925903,1,2
neg_000068,negation,gpt2,30.786218643188477,25.157058715820312,4.398031234741211,5.031411647796631,-5.629159927368164,0.6333804130554199,0.6333804130554199,6.561381638050079,6.713879108428955,0.15249747037887573,2,1
neg_000069,negation,gpt2,34.415557861328125,39.44287872314453,6.883111476898193,5.634696960449219,5.027320861816406,-1.2484145164489746,1.2484145164489746,12.03700065612793,12.530254364013672,0.4932537078857422,1,2
neg_000070,negation,gpt2,34.13628005981445,31.01715087890625,4.876611232757568,6.20343017578125,-3.119129180908203,1.3268189430236816,1.3268189430236816,6.1505483984947205,6.61842679977417,0.46787840127944946,2,1
neg_000071,negation,gpt2,35.065284729003906,35.5525016784668,7.013056755065918,5.0789289474487305,0.4872169494628906,-1.9341278076171875,1.9341278076171875,8.324575424194336,7.305385589599609,-1.0191898345947266,1,2
neg_000072,negation,gpt2,36.608863830566406,32.33109664916992,5.229837894439697,6.466219425201416,-4.277767181396484,1.2363815307617188,1.2363815307617188,11.034677773714066,10.581274032592773,-0.4534037411212921,2,1
neg_000073,negation,gpt2,31.147687911987305,34.52477264404297,6.229537487030029,4.93211030960083,3.377084732055664,-1.2974271774291992,1.2974271774291992,8.70625114440918,8.252437591552734,-0.4538135528564453,1,2
neg_000074,negation,gpt2,39.3260612487793,35.33510208129883,5.618008613586426,7.067020416259766,-3.9909591674804688,1.4490118026733398,1.4490118026733398,10.41622531414032,10.44849967956543,0.03227436542510986,2,1
neg_000075,negation,gpt2,34.28667449951172,35.752384185791016,6.857335090637207,5.107483386993408,1.4657096862792969,-1.7498517036437988,1.7498517036437988,10.84516716003418,9.089624673128128,-1.7555424869060516,1,2
neg_000076,negation,gpt2,37.64301300048828,35.99668884277344,5.377573490142822,7.199337959289551,-1.6463241577148438,1.8217644691467285,1.8217644691467285,7.799388408660889,9.990509033203125,2.1911206245422363,2,1
neg_000077,negation,gpt2,33.322723388671875,38.05788040161133,6.664544582366943,5.436840057373047,4.735157012939453,-1.2277045249938965,1.2277045249938965,11.436346054077148,11.541580438613892,0.10523438453674316,1,2
neg_000078,negation,gpt2,33.7036018371582,32.23087692260742,4.814800262451172,6.446175575256348,-1.4727249145507812,1.6313753128051758,1.6313753128051758,8.02761396765709,8.943246841430664,0.9156328737735748,2,1
neg_000079,negation,gpt2,33.02103042602539,35.9430046081543,6.604206085205078,5.1347150802612305,2.9219741821289062,-1.4694910049438477,1.4694910049438477,8.057891845703125,7.632350444793701,-0.42554140090942383,1,2
neg_000080,negation,gpt2,35.52082824707031,34.290061950683594,5.074404239654541,6.8580121994018555,-1.2307662963867188,1.7836079597473145,1.7836079597473145,8.956910192966461,10.111456871032715,1.1545466780662537,2,1
neg_000081,negation,gpt2,31.68454933166504,34.00542449951172,6.336909770965576,4.857917785644531,2.3208751678466797,-1.478991985321045,1.478991985321045,8.509193420410156,7.708199292421341,-0.8009941279888153,1,2
neg_000082,negation,gpt2,39.829498291015625,34.24050521850586,5.6899285316467285,6.8481011390686035,-5.588993072509766,1.158172607421875,1.158172607421875,8.908605724573135,8.510266304016113,-0.3983394205570221,2,1
neg_000083,negation,gpt2,33.0084228515625,33.23834228515625,6.6016845703125,4.7483344078063965,0.22991943359375,-1.8533501625061035,1.8533501625061035,9.287126541137695,7.131450027227402,-2.1556765139102936,1,2
neg_000084,negation,gpt2,37.970359802246094,34.78205871582031,5.424336910247803,6.956411838531494,-3.1883010864257812,1.5320749282836914,1.5320749282836914,8.330393105745316,9.461240768432617,1.1308476626873016,2,1
neg_000085,negation,gpt2,33.73189926147461,36.10075378417969,6.746379852294922,5.15725040435791,2.368854522705078,-1.5891294479370117,1.5891294479370117,8.418514251708984,9.17294830083847,0.7544340491294861,1,2
neg_000086,negation,gpt2,33.8097038269043,33.52418518066406,4.829957485198975,6.704836845397949,-0.2855186462402344,1.8748793601989746,1.8748793601989746,8.670945048332214,10.251504898071289,1.5805598497390747,2,1
neg_000087,negation,gpt2,30.544174194335938,34.9049186706543,6.108834743499756,4.986416816711426,4.360744476318359,-1.12241792678833,1.12241792678833,7.663871765136719,8.472102642059326,0.8082308769226074,1,2
neg_000088,negation,gpt2,35.92325210571289,31.391271591186523,5.131893157958984,6.278254508972168,-4.531980514526367,1.1463613510131836,1.1463613510131836,9.116313815116882,8.14478874206543,-0.9715250730514526,2,1
neg_000089,negation,gpt2,32.9017219543457,37.6046257019043,6.580344200134277,5.372089385986328,4.702903747558594,-1.2082548141479492,1.2082548141479492,9.639241218566895,8.53247657418251,-1.1067646443843842,1,2
neg_000090,negation,gpt2,38.35088348388672,35.50905227661133,5.478697776794434,7.101810455322266,-2.8418312072753906,1.623112678527832,1.623112678527832,7.6436275243759155,9.503538131713867,1.8599106073379517,2,1
neg_000091,negation,gpt2,30.808120727539062,34.999366760253906,6.161623954772949,4.999909400939941,4.191246032714844,-1.1617145538330078,1.1617145538330078,7.78102970123291,8.737738609313965,0.9567089080810547,1,2
neg_000092,negation,gpt2,34.74937057495117,33.13898468017578,4.964195728302002,6.6277971267700195,-1.6103858947753906,1.6636013984680176,1.6636013984680176,8.956910192966461,10.111456871032715,1.1545466780662537,2,1
neg_000093,negation,gpt2,28.844837188720703,32.081336975097656,5.768967628479004,4.583048343658447,3.236499786376953,-1.1859192848205566,1.1859192848205566,9.121910095214844,7.981953144073486,-1.1399569511413574,1,2
neg_000094,negation,gpt2,30.781776428222656,28.646015167236328,4.397396564483643,5.729203224182129,-2.135761260986328,1.3318066596984863,1.3318066596984863,8.712473183870316,10.249433517456055,1.5369603335857391,2,1
neg_000095,negation,gpt2,32.649436950683594,37.432899475097656,6.5298871994018555,5.347557067871094,4.7834625244140625,-1.1823301315307617,1.1823301315307617,8.916788101196289,9.394226908683777,0.4774388074874878,1,2
neg_000096,negation,gpt2,37.36964416503906,34.816471099853516,5.338520526885986,6.96329402923584,-2.553173065185547,1.6247735023498535,1.6247735023498535,6.968974441289902,10.042848587036133,3.073874145746231,2,1
neg_000097,negation,gpt2,32.25557327270508,34.856929779052734,6.451114654541016,4.9795613288879395,2.6013565063476562,-1.4715533256530762,1.4715533256530762,9.65096378326416,8.28122615814209,-1.3697376251220703,1,2
neg_000098,negation,gpt2,34.58192825317383,31.229190826416016,4.9402756690979,6.245838165283203,-3.3527374267578125,1.3055624961853027,1.3055624961853027,8.16159737110138,7.124917984008789,-1.0366793870925903,2,1
neg_000099,negation,gpt2,28.80722427368164,32.244781494140625,5.761445045471191,4.6063971519470215,3.4375572204589844,-1.15504789352417,1.15504789352417,8.900016784667969,7.755436420440674,-1.144580364227295,1,2
neg_000100,negation,gpt2,36.50056076049805,33.43746566772461,5.2143659591674805,6.687493324279785,-3.0630950927734375,1.4731273651123047,1.4731273651123047,9.148937225341797,10.184194564819336,1.035257339477539,2,1
role_000001,role_reversal,gpt2,27.47579574584961,27.531028747558594,5.495159149169922,5.5062055587768555,0.055233001708984375,0.011046409606933594,0.011046409606933594,15.072876930236816,13.951421022415161,-1.1214559078216553,2,2
role_000002,role_reversal,gpt2,30.774242401123047,30.410629272460938,6.154848575592041,6.082125663757324,-0.3636131286621094,-0.0727229118347168,0.0727229118347168,16.8570613861084,16.657100677490234,-0.19996070861816406,2,2
role_000003,role_reversal,gpt2,30.820280075073242,30.82004165649414,6.164055824279785,6.164008140563965,-0.0002384185791015625,-4.76837158203125e-05,4.76837158203125e-05,17.812644004821777,17.253543853759766,-0.5591001510620117,2,2
role_000004,role_reversal,gpt2,24.80912208557129,25.91886329650879,4.961824417114258,5.183772563934326,1.1097412109375,0.22194814682006836,0.22194814682006836,11.62129521369934,12.282052516937256,0.660757303237915,2,2
role_000005,role_reversal,gpt2,34.59709167480469,32.9696159362793,6.9194183349609375,6.593923091888428,-1.6274757385253906,-0.32549524307250977,0.32549524307250977,19.930906295776367,18.037352561950684,-1.8935537338256836,2,2
role_000006,role_reversal,gpt2,33.24046325683594,34.4808349609375,6.648092746734619,6.896166801452637,1.2403717041015625,0.24807405471801758,0.24807405471801758,19.861042976379395,21.478215217590332,1.6171722412109375,2,2
role_000007,role_reversal,gpt2,34.641746520996094,34.95008087158203,6.928349494934082,6.990015983581543,0.3083343505859375,0.06166648864746094,0.06166648864746094,19.46104907989502,19.09090232849121,-0.3701467514038086,2,2
role_000008,role_reversal,gpt2,29.79672622680664,30.680931091308594,5.95934534072876,6.136186122894287,0.8842048645019531,0.17684078216552734,0.17684078216552734,16.646366119384766,16.797100067138672,0.15073394775390625,2,2
role_000009,role_reversal,gpt2,29.725990295410156,28.391223907470703,5.945198059082031,5.678244590759277,-1.3347663879394531,-0.2669534683227539,0.2669534683227539,17.37929630279541,16.17232084274292,-1.2069754600524902,2,2
role_000010,role_reversal,gpt2,30.83420181274414,30.02601432800293,6.166840553283691,6.005202770233154,-0.8081874847412109,-0.1616377830505371,0.1616377830505371,17.069621086120605,17.079628944396973,0.010007858276367188,2,2
role_000011,role_reversal,gpt2,33.27899932861328,33.33210754394531,6.655799865722656,6.666421413421631,0.05310821533203125,0.01062154769897461,0.01062154769897461,18.122947692871094,19.51302719116211,1.3900794982910156,2,2
role_000012,role_reversal,gpt2,37.5958366394043,40.162620544433594,7.519167423248291,8.032524108886719,2.566783905029297,0.5133566856384277,0.5133566856384277,20.306097984313965,22.225512504577637,1.9194145202636719,2,2
role_000013,role_reversal,gpt2,30.675537109375,29.681896209716797,6.135107517242432,5.936379432678223,-0.9936408996582031,-0.19872808456420898,0.19872808456420898,19.02847957611084,17.00291156768799,-2.0255680084228516,2,2
role_000014,role_reversal,gpt2,33.90754318237305,34.162193298339844,6.781508445739746,6.8324384689331055,0.2546501159667969,0.050930023193359375,0.050930023193359375,19.355207443237305,21.097232818603516,1.742025375366211,2,2
role_000015,role_reversal,gpt2,35.50905227661133,31.725419998168945,7.101810455322266,6.345084190368652,-3.783632278442383,-0.7567262649536133,0.7567262649536133,21.06268882751465,19.51641273498535,-1.5462760925292969,2,2
role_000016,role_reversal,gpt2,31.737899780273438,32.38427734375,6.3475799560546875,6.476855278015137,0.6463775634765625,0.12927532196044922,0.12927532196044922,18.099183082580566,20.01974582672119,1.920562744140625,2,2
role_000017,role_reversal,gpt2,30.865015029907227,33.913169860839844,6.173003196716309,6.7826337814331055,3.048154830932617,0.6096305847167969,0.6096305847167969,16.040729522705078,17.52575445175171,1.4850249290466309,2,2
role_000018,role_reversal,gpt2,31.599517822265625,28.707040786743164,6.319903373718262,5.741408348083496,-2.892477035522461,-0.5784950256347656,0.5784950256347656,18.91769313812256,16.059608459472656,-2.8580846786499023,2,2
role_000019,role_reversal,gpt2,34.89642333984375,33.94116973876953,6.979284763336182,6.788233757019043,-0.9552536010742188,-0.19105100631713867,0.19105100631713867,18.601418495178223,18.212857246398926,-0.3885612487792969,2,2
role_000020,role_reversal,gpt2,35.60957336425781,37.12306594848633,7.121914863586426,7.424612998962402,1.5134925842285156,0.30269813537597656,0.30269813537597656,19.420719146728516,19.65158176422119,0.23086261749267578,2,2
role_000021,role_reversal,gpt2,34.17892074584961,34.81181335449219,6.835783958435059,6.962362766265869,0.6328926086425781,0.12657880783081055,0.12657880783081055,16.86241626739502,18.72403907775879,1.8616228103637695,2,2
role_000022,role_reversal,gpt2,36.24858093261719,35.657005310058594,7.249716281890869,7.131401062011719,-0.5915756225585938,-0.11831521987915039,0.11831521987915039,19.38035011291504,19.064974784851074,-0.31537532806396484,2,2
role_000023,role_reversal,gpt2,30.06661033630371,31.207027435302734,6.013321876525879,6.241405487060547,1.1404170989990234,0.22808361053466797,0.22808361053466797,17.925271034240723,19.267763137817383,1.3424921035766602,2,2
role_000024,role_reversal,gpt2,30.23519515991211,32.79119873046875,6.047039031982422,6.558239936828613,2.5560035705566406,0.5112009048461914,0.5112009048461914,20.095069885253906,20.964905738830566,0.8698358535766602,2,2
role_000025,role_reversal,gpt2,32.83518600463867,34.49882507324219,6.567037105560303,6.8997650146484375,1.6636390686035156,0.33272790908813477,0.33272790908813477,16.415624141693115,16.99237823486328,0.576754093170166,2,2
role_000026,role_reversal,gpt2,32.07405471801758,30.362825393676758,6.414811134338379,6.072565078735352,-1.7112293243408203,-0.34224605560302734,0.34224605560302734,16.324562549591064,15.361098289489746,-0.9634642601013184,2,2
role_000027,role_reversal,gpt2,32.689205169677734,32.798580169677734,6.537840843200684,6.55971622467041,0.109375,0.021875381469726562,0.021875381469726562,19.033143997192383,19.2936954498291,0.26055145263671875,2,2
role_000028,role_reversal,gpt2,28.392385482788086,27.068161010742188,5.6784772872924805,5.413632392883301,-1.3242244720458984,-0.2648448944091797,0.2648448944091797,14.927456855773926,15.1079740524292,0.18051719665527344,2,2
role_000029,role_reversal,gpt2,37.66811752319336,36.51291275024414,7.533623695373535,7.302582740783691,-1.1552047729492188,-0.23104095458984375,0.23104095458984375,21.586352348327637,19.659992218017578,-1.9263601303100586,2,2
role_000030,role_reversal,gpt2,36.079952239990234,36.88724899291992,7.2159905433654785,7.377449989318848,0.8072967529296875,0.16145944595336914,0.16145944595336914,21.17555809020996,20.03962516784668,-1.1359329223632812,2,2
role_000031,role_reversal,gpt2,31.77175521850586,31.06940269470215,6.354351043701172,6.21388053894043,-0.7023525238037109,-0.1404705047607422,0.1404705047607422,18.89857578277588,18.07697296142578,-0.8216028213500977,2,2
role_000032,role_reversal,gpt2,30.831989288330078,28.878173828125,6.166398048400879,5.775634765625,-1.9538154602050781,-0.3907632827758789,0.3907632827758789,17.237481117248535,16.016210556030273,-1.2212705612182617,2,2
role_000033,role_reversal,gpt2,34.10688018798828,34.40772247314453,6.821375846862793,6.881544589996338,0.30084228515625,0.06016874313354492,0.06016874313354492,17.329097747802734,17.489203453063965,0.16010570526123047,2,2
role_000034,role_reversal,gpt2,36.960105895996094,35.061187744140625,7.392021179199219,7.012237548828125,-1.8989181518554688,-0.37978363037109375,0.37978363037109375,22.04082489013672,20.011954307556152,-2.0288705825805664,2,2
role_000035,role_reversal,gpt2,34.81510925292969,36.55535888671875,6.963021755218506,7.311071872711182,1.7402496337890625,0.3480501174926758,0.3480501174926758,20.471405029296875,19.397982597351074,-1.0734224319458008,2,2
role_000036,role_reversal,gpt2,29.73019027709961,32.594444274902344,5.946038246154785,6.5188889503479,2.8642539978027344,0.5728507041931152,0.5728507041931152,16.989563941955566,16.820404529571533,-0.1691594123840332,2,2
role_000037,role_reversal,gpt2,31.368316650390625,32.30195236206055,6.273663520812988,6.460390567779541,0.9336357116699219,0.18672704696655273,0.18672704696655273,17.429569244384766,18.27415943145752,0.8445901870727539,2,2
role_000038,role_reversal,gpt2,34.86186981201172,34.090599060058594,6.972373962402344,6.818120002746582,-0.771270751953125,-0.15425395965576172,0.15425395965576172,17.445056915283203,22.726454734802246,5.281397819519043,2,2
role_000039,role_reversal,gpt2,37.41400146484375,35.43056106567383,7.482800483703613,7.086112022399902,-1.9834403991699219,-0.39668846130371094,0.39668846130371094,23.661965370178223,21.8081111907959,-1.8538541793823242,2,2
role_000040,role_reversal,gpt2,31.93182373046875,32.0602912902832,6.386364936828613,6.412058353424072,0.12846755981445312,0.025693416595458984,0.025693416595458984,18.156601428985596,18.74225616455078,0.5856547355651855,2,2
role_000041,role_reversal,gpt2,32.35619354248047,33.857704162597656,6.471238613128662,6.771540641784668,1.5015106201171875,0.30030202865600586,0.30030202865600586,19.7986421585083,18.599374771118164,-1.1992673873901367,2,2
role_000042,role_reversal,gpt2,29.91956329345703,31.914283752441406,5.983912467956543,6.382856845855713,1.994720458984375,0.3989443778991699,0.3989443778991699,16.480029106140137,16.153165817260742,-0.32686328887939453,2,2
role_000043,role_reversal,gpt2,30.872949600219727,27.720308303833008,6.174590110778809,5.544061660766602,-3.1526412963867188,-0.630528450012207,0.630528450012207,15.773859024047852,14.273859977722168,-1.4999990463256836,2,2
role_000044,role_reversal,gpt2,32.05278015136719,30.073856353759766,6.410555839538574,6.014771461486816,-1.9789237976074219,-0.3957843780517578,0.3957843780517578,18.08943462371826,18.12497615814209,0.035541534423828125,2,2
role_000045,role_reversal,gpt2,33.5112419128418,29.728689193725586,6.702248573303223,5.945737838745117,-3.782552719116211,-0.7565107345581055,0.7565107345581055,20.641427040100098,20.29078769683838,-0.35063934326171875,2,2
role_000046,role_reversal,gpt2,31.61224365234375,31.268049240112305,6.32244873046875,6.253609657287598,-0.3441944122314453,-0.06883907318115234,0.06883907318115234,18.594416618347168,18.645780563354492,0.05136394500732422,2,2
role_000047,role_reversal,gpt2,34.95008087158203,34.641746520996094,6.990015983581543,6.928349494934082,-0.3083343505859375,-0.06166648864746094,0.06166648864746094,19.09090232849121,19.46104907989502,0.3701467514038086,2,2
role_000048,role_reversal,gpt2,33.05057907104492,37.446380615234375,6.610116004943848,7.489275932312012,4.395801544189453,0.8791599273681641,0.8791599273681641,20.27335262298584,20.76146411895752,0.4881114959716797,2,2
role_000049,role_reversal,gpt2,34.4572639465332,33.53999328613281,6.891452789306641,6.707998752593994,-0.9172706604003906,-0.18345403671264648,0.18345403671264648,18.717763900756836,16.831615447998047,-1.886148452758789,2,2
role_000050,role_reversal,gpt2,32.00027847290039,32.2075080871582,6.400055885314941,6.441501617431641,0.2072296142578125,0.04144573211669922,0.04144573211669922,19.572065353393555,18.99557113647461,-0.5764942169189453,2,2
role_000051,role_reversal,gpt2,34.5367431640625,33.73863220214844,6.9073486328125,6.7477264404296875,-0.7981109619140625,-0.1596221923828125,0.1596221923828125,21.26453971862793,21.370760917663574,0.10622119903564453,2,2
role_000052,role_reversal,gpt2,36.8302116394043,34.26056671142578,7.366042137145996,6.852113246917725,-2.5696449279785156,-0.5139288902282715,0.5139288902282715,20.68977642059326,17.09056568145752,-3.599210739135742,2,2
role_000053,role_reversal,gpt2,36.45124435424805,33.08554458618164,7.290248870849609,6.6171088218688965,-3.3656997680664062,-0.6731400489807129,0.6731400489807129,23.244564056396484,20.240747451782227,-3.003816604614258,2,2
role_000054,role_reversal,gpt2,36.111228942871094,34.83857727050781,7.222245693206787,6.967715263366699,-1.2726516723632812,-0.2545304298400879,0.2545304298400879,20.000052452087402,19.82992649078369,-0.17012596130371094,2,2
role_000055,role_reversal,gpt2,32.93722915649414,33.51781463623047,6.5874457359313965,6.7035627365112305,0.5805854797363281,0.11611700057983398,0.11611700057983398,17.398347854614258,16.99843692779541,-0.39991092681884766,2,2
role_000056,role_reversal,gpt2,37.02922439575195,38.21176528930664,7.405844688415527,7.642353057861328,1.1825408935546875,0.23650836944580078,0.23650836944580078,23.4351749420166,24.45466136932373,1.019486427307129,2,2
role_000057,role_reversal,gpt2,26.363615036010742,27.172149658203125,5.272723197937012,5.434430122375488,0.8085346221923828,0.16170692443847656,0.16170692443847656,11.778734683990479,11.695584654808044,-0.08315002918243408,2,2
role_000058,role_reversal,gpt2,36.27851104736328,34.12249755859375,7.255702018737793,6.824499607086182,-2.1560134887695312,-0.43120241165161133,0.43120241165161133,20.73100757598877,17.946690559387207,-2.7843170166015625,2,2
role_000059,role_reversal,gpt2,35.58408737182617,34.265438079833984,7.116817474365234,6.853087425231934,-1.3186492919921875,-0.2637300491333008,0.2637300491333008,20.760476112365723,19.915213584899902,-0.8452625274658203,2,2
role_000060,role_reversal,gpt2,33.85716247558594,35.79489517211914,6.771432399749756,7.1589789390563965,1.9377326965332031,0.3875465393066406,0.3875465393066406,17.375385284423828,17.847862243652344,0.4724769592285156,2,2
role_000061,role_reversal,gpt2,30.993579864501953,34.29951858520508,6.198716163635254,6.859903812408447,3.305938720703125,0.6611876487731934,0.6611876487731934,16.495180130004883,19.519639015197754,3.024458885192871,2,2
role_000062,role_reversal,gpt2,32.97019958496094,34.14807891845703,6.5940399169921875,6.829615592956543,1.1778793334960938,0.23557567596435547,0.23557567596435547,19.861356735229492,20.809768676757812,0.9484119415283203,2,2
role_000063,role_reversal,gpt2,35.17393112182617,33.47256851196289,7.034786224365234,6.69451379776001,-1.7013626098632812,-0.3402724266052246,0.3402724266052246,21.165685653686523,20.073453903198242,-1.0922317504882812,2,2
role_000064,role_reversal,gpt2,29.715251922607422,29.613113403320312,5.943050384521484,5.9226226806640625,-0.10213851928710938,-0.020427703857421875,0.020427703857421875,16.933642387390137,16.31777000427246,-0.6158723831176758,2,2
role_000065,role_reversal,gpt2,31.729467391967773,30.231901168823242,6.345893383026123,6.046380043029785,-1.4975662231445312,-0.2995133399963379,0.2995133399963379,19.21344566345215,16.172030448913574,-3.041415214538574,2,2
role_000066,role_reversal,gpt2,31.21474266052246,32.200279235839844,6.242948532104492,6.440055847167969,0.9855365753173828,0.19710731506347656,0.19710731506347656,18.736473083496094,19.027838706970215,0.2913656234741211,2,2
role_000067,role_reversal,gpt2,30.136985778808594,30.574987411499023,6.027397155761719,6.114997386932373,0.4380016326904297,0.0876002311706543,0.0876002311706543,18.708736419677734,18.93344020843506,0.22470378875732422,2,2
role_000068,role_reversal,gpt2,37.49144744873047,33.98920440673828,7.498289585113525,6.7978410720825195,-3.5022430419921875,-0.7004485130310059,0.7004485130310059,20.41531467437744,20.134517669677734,-0.28079700469970703,2,2
role_000069,role_reversal,gpt2,33.55002212524414,34.99757766723633,6.7100043296813965,6.999515533447266,1.4475555419921875,0.28951120376586914,0.28951120376586914,16.95778751373291,18.952491760253906,1.994704246520996,2,2
role_000070,role_reversal,gpt2,32.17574691772461,32.67476272583008,6.435149192810059,6.534952640533447,0.49901580810546875,0.09980344772338867,0.09980344772338867,18.95145606994629,20.204118728637695,1.2526626586914062,2,2
role_000071,role_reversal,gpt2,35.26947784423828,32.576683044433594,7.053895473480225,6.515336513519287,-2.6927947998046875,-0.5385589599609375,0.5385589599609375,19.261874198913574,19.605671882629395,0.3437976837158203,2,2
role_000072,role_reversal,gpt2,35.9235954284668,36.01361846923828,7.184719085693359,7.202723503112793,0.09002304077148438,0.018004417419433594,0.018004417419433594,19.970633506774902,18.178165435791016,-1.7924680709838867,2,2
role_000073,role_reversal,gpt2,35.3907470703125,33.66485595703125,7.078149318695068,6.73297119140625,-1.72589111328125,-0.34517812728881836,0.34517812728881836,20.764883995056152,19.61452579498291,-1.1503582000732422,2,2
role_000074,role_reversal,gpt2,32.689205169677734,32.798580169677734,6.537840843200684,6.55971622467041,0.109375,0.021875381469726562,0.021875381469726562,19.033143997192383,19.2936954498291,0.26055145263671875,2,2
role_000075,role_reversal,gpt2,33.54646682739258,33.98371124267578,6.709293365478516,6.7967424392700195,0.4372444152832031,0.0874490737915039,0.0874490737915039,20.69069766998291,21.72363567352295,1.032938003540039,2,2
role_000076,role_reversal,gpt2,28.528488159179688,28.554195404052734,5.705697536468506,5.71083927154541,0.025707244873046875,0.005141735076904297,0.005141735076904297,15.914227485656738,16.302430152893066,0.3882026672363281,2,2
role_000077,role_reversal,gpt2,36.18258285522461,37.93496322631836,7.23651647567749,7.5869927406311035,1.75238037109375,0.3504762649536133,0.3504762649536133,22.699487686157227,24.678009033203125,1.9785213470458984,2,2
role_000078,role_reversal,gpt2,32.24039077758789,31.52170753479004,6.448078155517578,6.3043413162231445,-0.7186832427978516,-0.1437368392944336,0.1437368392944336,16.365525245666504,18.29031467437744,1.9247894287109375,2,2
role_000079,role_reversal,gpt2,35.154273986816406,36.53653335571289,7.03085470199585,7.30730676651001,1.3822593688964844,0.27645206451416016,0.27645206451416016,20.101972579956055,20.676241874694824,0.5742692947387695,2,2
role_000080,role_reversal,gpt2,36.66252136230469,35.774173736572266,7.3325042724609375,7.154834747314453,-0.8883476257324219,-0.17766952514648438,0.17766952514648438,20.04957866668701,20.202606201171875,0.15302753448486328,2,2
role_000081,role_reversal,gpt2,40.283203125,37.321197509765625,8.056640625,7.464239597320557,-2.962005615234375,-0.5924010276794434,0.5924010276794434,22.42286205291748,19.602194786071777,-2.820667266845703,2,2
role_000082,role_reversal,gpt2,24.790088653564453,26.702951431274414,4.958017826080322,5.340590476989746,1.912862777709961,0.38257265090942383,0.38257265090942383,15.486289978027344,16.922235012054443,1.4359450340270996,2,2
role_000083,role_reversal,gpt2,34.770790100097656,33.172969818115234,6.954157829284668,6.634593963623047,-1.5978202819824219,-0.3195638656616211,0.3195638656616211,20.368242263793945,19.97441864013672,-0.39382362365722656,2,2
role_000084,role_reversal,gpt2,32.323341369628906,31.15314292907715,6.464668273925781,6.230628490447998,-1.1701984405517578,-0.2340397834777832,0.2340397834777832,17.375540733337402,17.57188606262207,0.19634532928466797,2,2
role_000085,role_reversal,gpt2,36.064022064208984,35.120113372802734,7.212804317474365,7.024022579193115,-0.94390869140625,-0.18878173828125,0.18878173828125,20.82492733001709,21.585834503173828,0.7609071731567383,2,2
role_000086,role_reversal,gpt2,32.07258224487305,34.28970718383789,6.414516448974609,6.857941627502441,2.2171249389648438,0.44342517852783203,0.44342517852783203,17.481250762939453,17.500195503234863,0.018944740295410156,2,2
role_000087,role_reversal,gpt2,35.87507629394531,36.36671829223633,7.175015449523926,7.273343563079834,0.4916419982910156,0.0983281135559082,0.0983281135559082,20.647644996643066,22.346646308898926,1.6990013122558594,2,2
role_000088,role_reversal,gpt2,33.21399688720703,32.51778793334961,6.642799377441406,6.5035576820373535,-0.6962089538574219,-0.13924169540405273,0.13924169540405273,18.7224178314209,19.839570999145508,1.1171531677246094,2,2
role_000089,role_reversal,gpt2,33.098350524902344,33.36793899536133,6.6196699142456055,6.673587799072266,0.2695884704589844,0.053917884826660156,0.053917884826660156,20.135364532470703,19.83755874633789,-0.2978057861328125,2,2
role_000090,role_reversal,gpt2,31.14957046508789,31.38323211669922,6.22991418838501,6.276646614074707,0.23366165161132812,0.046732425689697266,0.046732425689697266,18.048052310943604,19.35526180267334,1.3072094917297363,2,2
role_000091,role_reversal,gpt2,35.995731353759766,34.000823974609375,7.199146270751953,6.800164699554443,-1.9949073791503906,-0.39898157119750977,0.39898157119750977,19.999226570129395,19.123355865478516,-0.8758707046508789,2,2
role_000092,role_reversal,gpt2,25.650785446166992,29.30173110961914,5.130156993865967,5.86034631729126,3.6509456634521484,0.730189323425293,0.730189323425293,12.281582355499268,14.540398597717285,2.2588162422180176,2,2
role_000093,role_reversal,gpt2,41.489105224609375,38.90900421142578,8.297821044921875,7.781800746917725,-2.5801010131835938,-0.5160202980041504,0.5160202980041504,25.07538890838623,22.830602645874023,-2.244786262512207,2,2
role_000094,role_reversal,gpt2,34.288246154785156,32.244998931884766,6.857649326324463,6.448999881744385,-2.0432472229003906,-0.4086494445800781,0.4086494445800781,19.554430961608887,18.37209129333496,-1.1823396682739258,2,2
role_000095,role_reversal,gpt2,34.88290023803711,34.61222457885742,6.9765801429748535,6.922444820404053,-0.2706756591796875,-0.05413532257080078,0.05413532257080078,22.03758430480957,21.01242160797119,-1.025162696838379,2,2
role_000096,role_reversal,gpt2,33.052650451660156,30.09149932861328,6.610529899597168,6.0183000564575195,-2.961151123046875,-0.5922298431396484,0.5922298431396484,19.049734115600586,17.353469848632812,-1.6962642669677734,2,2
role_000097,role_reversal,gpt2,32.06296157836914,28.578317642211914,6.41259241104126,5.715663433074951,-3.4846439361572266,-0.6969289779663086,0.6969289779663086,14.665431022644043,14.156173706054688,-0.5092573165893555,2,2
role_000098,role_reversal,gpt2,29.868974685668945,32.51314163208008,5.973794937133789,6.502628326416016,2.644166946411133,0.5288333892822266,0.5288333892822266,16.489994525909424,19.826860427856445,3.3368659019470215,2,2
role_000099,role_reversal,gpt2,33.47410583496094,30.54907989501953,6.694821357727051,6.109816074371338,-2.9250259399414062,-0.5850052833557129,0.5850052833557129,21.46029758453369,17.475865840911865,-3.984431743621826,2,2
role_000100,role_reversal,gpt2,32.900001525878906,33.218814849853516,6.580000400543213,6.643763065338135,0.3188133239746094,0.06376266479492188,0.06376266479492188,20.09284019470215,21.855304718017578,1.7624645233154297,2,2
