phenomenon,model,layer,metric,n,raw_spearman,raw_p,surface_controlled_spearman,surface_controlled_p,surface_controlled_q
negation,bert-base-uncased,0,delta_cos,1500,0.097190587005488,0.00016327033493881702,0.062109045092049425,0.016137516366179005,0.024680907383567888
negation,bert-base-uncased,1,delta_cos,1500,0.076442006119122,0.0030519801262287997,0.03001024771781908,0.24540425410574812,0.28892878219242796
negation,bert-base-uncased,2,delta_cos,1500,0.04655338409490506,0.0714700763765862,0.0025248888686435094,0.9221648303623461,0.9251299905885916
negation,bert-base-uncased,3,delta_cos,1500,0.0422669978079961,0.10176418978889205,-1.7549133487991962e-05,0.999458149930724,0.999458149930724
negation,bert-base-uncased,4,delta_cos,1500,0.022526176935425666,0.3833074593746251,-0.016070215317249472,0.5339957503164591,0.5686234610878336
negation,bert-base-uncased,5,delta_cos,1500,-0.017118337988156422,0.5076596660321684,-0.04571204245384547,0.07674895493539906,0.10103659890229749
negation,bert-base-uncased,6,delta_cos,1500,-0.010720915135642306,0.6782260679938975,-0.03161447496351395,0.22106221996801004,0.26224871722440735
negation,bert-base-uncased,7,delta_cos,1500,-0.025626769114256202,0.3212677909776053,-0.04278921829095385,0.09760108594776197,0.1253149745502129
negation,bert-base-uncased,8,delta_cos,1500,-0.024294656523833818,0.3470727397126354,-0.03711315262297831,0.15080812104415958,0.18658761860198683
negation,bert-base-uncased,9,delta_cos,1500,-0.045085392151808276,0.08088366787289511,-0.05901994539946222,0.022258946826887928,0.0330238133487796
negation,bert-base-uncased,10,delta_cos,1500,-0.09543428166094517,0.00021430872908729035,-0.11055665323306108,1.775243367915161e-05,3.52787217063395e-05
negation,bert-base-uncased,11,delta_cos,1500,-0.1292051790314294,5.140782850314773e-07,-0.14117582452733046,4.003927664224333e-08,9.118433804656876e-08
negation,bert-base-uncased,12,delta_cos,1500,-0.11953965429271875,3.4414021029382647e-06,-0.13235871279225983,2.680817648270039e-07,5.768380043174153e-07
negation,bert-base-uncased,0,delta_frob,1500,0.15418914522514707,1.9409708996328526e-09,0.13106484296268944,3.508175555998472e-07,7.39561333426705e-07
negation,bert-base-uncased,1,delta_frob,1500,0.10366526518269366,5.760008642231442e-05,0.06289607423093396,0.014836889688697402,0.02291638407363163
negation,bert-base-uncased,2,delta_frob,1500,0.08206104544185856,0.0014680458843847242,0.0419549348481158,0.10431858022970684,0.1333909714412645
negation,bert-base-uncased,3,delta_frob,1500,0.07535135884686017,0.0034995870655102038,0.03593318703475091,0.16423289716979614,0.2009437800665741
negation,bert-base-uncased,4,delta_frob,1500,0.04572994440879006,0.07663341316623883,0.008989891039838493,0.727919976502785,0.7595686711333408
negation,bert-base-uncased,5,delta_frob,1500,0.003077054356472585,0.9052161468164044,-0.025835801244661158,0.31733518067988264,0.35743168365387507
negation,bert-base-uncased,6,delta_frob,1500,-0.002518518255143565,0.9223605971466379,-0.024582768056652916,0.3413827995963568,0.3803979766930833
negation,bert-base-uncased,7,delta_frob,1500,-0.022519947591017945,0.3834390516057984,-0.04073188750865539,0.1148234851396109,0.14562978603072602
negation,bert-base-uncased,8,delta_frob,1500,-0.024208981704856365,0.3487763033072974,-0.038890542595510974,0.13218578281760274,0.16697151513802452
negation,bert-base-uncased,9,delta_frob,1500,-0.04393247987996423,0.08896169338597627,-0.05900567905127744,0.022291355400776057,0.0330238133487796
negation,bert-base-uncased,10,delta_frob,1500,-0.09742525408934061,0.00015738909711276102,-0.1127042091386292,1.2125277185812013e-05,2.4250554371624025e-05
negation,bert-base-uncased,11,delta_frob,1500,-0.1290961512820467,5.256385565149326e-07,-0.14056224205239204,4.588158079944014e-08,1.0373226963351685e-07
negation,bert-base-uncased,12,delta_frob,1500,-0.11707977436404333,5.458591089148878e-06,-0.13123531704491972,3.386523625367378e-07,7.187723613024639e-07
negation,bert-base-uncased,0,delta_l2,1500,0.07074793021854262,0.0061213997953447116,0.026791323671731187,0.29976167268883414,0.34384427161366266
negation,bert-base-uncased,1,delta_l2,1500,0.06095093502388448,0.01823326247568692,0.014333355712796191,0.5791038520525446,0.6124759384420132
negation,bert-base-uncased,2,delta_l2,1500,0.03155690587894378,0.22190470135981605,-0.01381412708748795,0.5929276395950762,0.6249777822758912
negation,bert-base-uncased,3,delta_l2,1500,0.024234610194862574,0.34826614937164857,-0.018110068666512446,0.48338246600687185,0.520052859979807
negation,bert-base-uncased,4,delta_l2,1500,0.009083763833660346,0.7251933030954847,-0.028211316299570827,0.27486561138654175,0.3188032369985168
negation,bert-base-uncased,5,delta_l2,1500,-0.02475090622383329,0.3380899470806581,-0.0523870034599276,0.042494815206279374,0.059189206894460555
negation,bert-base-uncased,6,delta_l2,1500,-0.011140016248917776,0.6663922652164999,-0.03185629495439589,0.21754838268639393,0.25906524961127825
negation,bert-base-uncased,7,delta_l2,1500,-0.030085813485890643,0.2442170860854728,-0.04691815092081516,0.06927566393261145,0.09197449849776498
negation,bert-base-uncased,8,delta_l2,1500,-0.022188910558063213,0.39047177286278734,-0.0345775854157584,0.180743943611672,0.22002555034495636
negation,bert-base-uncased,9,delta_l2,1500,-0.035978830184586995,0.16369741231826992,-0.051113654014020224,0.04778597455885206,0.06542686033602749
negation,bert-base-uncased,10,delta_l2,1500,-0.08174713199490133,0.001531129373268561,-0.09918885922751014,0.0001191553179634226,0.000226685726857243
negation,bert-base-uncased,11,delta_l2,1500,-0.12130053920095858,2.4597254436117556e-06,-0.13670586615795594,1.0656789573031609e-07,2.3414917935111705e-07
negation,bert-base-uncased,12,delta_l2,1500,-0.13772271239593314,8.552448594894091e-08,-0.15008939043170963,5.182373926682879e-09,1.2632036446289519e-08
negation,bert-base-uncased,0,delta_token_aligned,1500,-0.06753292638220348,0.0088876504642622,-0.0345383918375457,0.1812389949956852,0.22002555034495636
negation,bert-base-uncased,1,delta_token_aligned,1500,-0.00804824186354109,0.7554568337465204,-0.011375148242998092,0.65978895288851,0.6931116272768186
negation,bert-base-uncased,2,delta_token_aligned,1500,-0.03140455716365718,0.2241452919647277,-0.027728425053852,0.283168669204753,0.32721712885882565
negation,bert-base-uncased,3,delta_token_aligned,1500,0.01949160442951899,0.45063973244417127,0.005624909881506865,0.8276847343208382,0.8466807774036116
negation,bert-base-uncased,4,delta_token_aligned,1500,-0.03281184855439743,0.20405613498264213,-0.03806523090953448,0.1405987311541618,0.17688227467781648
negation,bert-base-uncased,5,delta_token_aligned,1500,-0.06227795604969965,0.01585023347805767,-0.06820100965187981,0.00823478435182293,0.013593929723644203
negation,bert-base-uncased,6,delta_token_aligned,1500,-0.07289255980899521,0.004735132420730941,-0.07169259389208422,0.005471102964682057,0.009379033653740668
negation,bert-base-uncased,7,delta_token_aligned,1500,-0.07651906225611067,0.0030224201804399187,-0.06958412542793492,0.007017699440587741,0.011780011357506674
negation,bert-base-uncased,8,delta_token_aligned,1500,-0.07303893518032921,0.004651771671690176,-0.06305264342442551,0.01458944254630806,0.022646298877851318
negation,bert-base-uncased,9,delta_token_aligned,1500,-0.08717764120469548,0.0007248651638305967,-0.08554947776517455,0.0009110803988520152,0.0016336614048380962
negation,bert-base-uncased,10,delta_token_aligned,1500,-0.11035853930406987,1.838149938433105e-05,-0.11289123782708077,1.1725490335378168e-05,2.3602277320245085e-05
negation,bert-base-uncased,11,delta_token_aligned,1500,-0.13736525042711187,9.24174613973875e-08,-0.14132072490630224,3.876860892007537e-08,8.943705031900092e-08
negation,bert-base-uncased,12,delta_token_aligned,1500,-0.1271923327863694,7.727933517448394e-07,-0.13478024552863127,1.6093492625317548e-07,3.5113074818874653e-07
negation,gpt2,0,delta_cos,1500,0.07698185637967307,0.0028503073453269483,0.03314977874487718,0.1994333124489968,0.23931997493879617
negation,gpt2,1,delta_cos,1500,0.03352199524715227,0.1944304497183339,-0.021489945323257598,0.4055759324084195,0.44090484638127836
negation,gpt2,2,delta_cos,1500,0.01615107020609048,0.5319398483555493,-0.026393740548955318,0.3069934822248107,0.34920338893134645
negation,gpt2,3,delta_cos,1500,0.02014953881397858,0.43549867177578594,-0.028471528886398867,0.27046093313278063,0.3148649669306999
negation,gpt2,4,delta_cos,1500,0.023130092963145152,0.37068146757010967,-0.017419071724430066,0.500230907647198,0.5363300453124598
negation,gpt2,5,delta_cos,1500,0.06475283447271767,0.012127634918561697,0.02213108819906775,0.39170816525041724,0.4273179984550006
negation,gpt2,6,delta_cos,1500,0.07949639205767077,0.0020617322920711612,0.04281254337381273,0.0974183604832556,0.1253149745502129
negation,gpt2,7,delta_cos,1500,0.11679561199909895,5.753993613198735e-06,0.0848775242033504,0.0010001267218937553,0.001783083069890581
negation,gpt2,8,delta_cos,1500,0.11879339619630884,3.962166544943321e-06,0.08918134824014404,0.000544218819923105,0.0009988015989176985
negation,gpt2,9,delta_cos,1500,0.11775534288309175,4.8134105096106e-06,0.09308607846967386,0.0003061457892791457,0.0005685564658041277
negation,gpt2,10,delta_cos,1500,0.08571429892066701,0.0008903892828953365,0.052977744751886616,0.04021346649869152,0.05677195270403509
negation,gpt2,11,delta_cos,1500,0.08200015569096286,0.0014800919046006032,0.051107705144597115,0.0478119363994047,0.06542686033602749
negation,gpt2,12,delta_cos,1500,0.019285781846475645,0.45543678109784735,-0.03706823068930534,0.15130342149455983,0.18658761860198683
negation,gpt2,0,delta_frob,1500,0.13142478831073479,3.25608864255436e-07,0.10129025628196855,8.501834527581691e-05,0.00016273450138683972
negation,gpt2,1,delta_frob,1500,0.05400376534002727,0.03649765134185492,0.005718910223894841,0.824851373736123,0.8465579888344421
negation,gpt2,2,delta_frob,1500,0.030637579800141868,0.23567066550681068,-0.019603005836697735,0.44805530003731237,0.48539324170708836
negation,gpt2,3,delta_frob,1500,0.0049843430832765935,0.8470505638998894,-0.04887717165380266,0.05841670284035735,0.07856039347496332
negation,gpt2,4,delta_frob,1500,-0.008853448628353116,0.7318892808373101,-0.05539099917482307,0.03194143697925388,0.04613763119225561
negation,gpt2,5,delta_frob,1500,0.004461789265403139,0.8629177784054645,-0.04182211557329495,0.10542109176677497,0.13425053318870936
negation,gpt2,6,delta_frob,1500,0.035634054428866496,0.16777499165310503,-0.0034938135439129075,0.8924518308395041,0.901116411721441
negation,gpt2,7,delta_frob,1500,0.08204494585768153,0.0014712221102606245,0.04721741597997588,0.06751686263223133,0.09002248350964177
negation,gpt2,8,delta_frob,1500,0.09932528946718129,0.0001165953308434634,0.06814467342593154,0.008288133780361443,0.013609988102488266
negation,gpt2,9,delta_frob,1500,0.1270235431529656,7.994419884453563e-07,0.10325254909049013,6.166888766076495e-05,0.00011950740962831469
negation,gpt2,10,delta_frob,1500,0.10015108995735895,0.0001021727094092196,0.0652303140378387,0.011505964476873225,0.018273666270031335
negation,gpt2,11,delta_frob,1500,0.0988827215692828,0.0001250936968613353,0.06773885635883155,0.008681650745938222,0.014181544673993324
negation,gpt2,12,delta_frob,1500,-0.0013693037664339813,0.9577408947210416,-0.06422852521860456,0.012844366648032153,0.020239608051444605
negation,gpt2,0,delta_l2,1500,0.09517620475769735,0.00022296341341506703,0.05578710203061763,0.030733476023671352,0.044599276834350984
negation,gpt2,1,delta_l2,1500,0.05716346517949365,0.026835918191762637,0.003683858407231664,0.8866402454281136,0.8981550538102968
negation,gpt2,2,delta_l2,1500,0.022757999569777015,0.3784299718870024,-0.022250181300992895,0.3891642335144676,0.4260324240579435
negation,gpt2,3,delta_l2,1500,-0.027816909896728706,0.28163465166943547,-0.029356545687299687,0.2558430925645616,0.29896271490690346
negation,gpt2,4,delta_l2,1500,-0.06244835368522758,0.015564984418548485,-0.05993631830504827,0.020261186901544045,0.03039178035231607
negation,gpt2,5,delta_l2,1500,-0.046154421936070444,0.07393503032515554,-0.052705017332927914,0.04125346746535104,0.05771785582596199
negation,gpt2,6,delta_l2,1500,0.056766580351607684,0.027913475377308487,0.04496604007180246,0.0816912893701447,0.10678756700832837
negation,gpt2,7,delta_l2,1500,0.006219573723686619,0.8097995992885829,0.0027905633173113888,0.9140050816994415,0.9199018886781476
negation,gpt2,8,delta_l2,1500,-0.008287872570709443,0.7484181635688729,-0.008524960447081599,0.7414747336647505,0.7685718169548243
negation,gpt2,9,delta_l2,1500,0.03929102124121836,0.12824642412763593,0.031040962224529352,0.22955785260606476,0.27129564398898565
negation,gpt2,10,delta_l2,1500,0.08951870847770395,0.0005182824404082933,0.07778787851609342,0.0025717511961306345,0.004533256345721796
negation,gpt2,11,delta_l2,1500,0.06187492599986844,0.01654326130340471,0.03738683951723571,0.14781713817522305,0.1837408251421099
negation,gpt2,12,delta_l2,1500,-0.05130335876152669,0.04696425819086783,-0.1017348107499437,7.909285892534833e-05,0.00015232698755993012
negation,gpt2,0,delta_token_aligned,1500,-0.06264760540000737,0.015237164724613438,-0.024846147372643894,0.33623379636467665,0.376003385182004
negation,gpt2,1,delta_token_aligned,1500,-0.08837698030589586,0.0006110109661102744,-0.07010185536071192,0.006605362899768473,0.01126160232091674
negation,gpt2,2,delta_token_aligned,1500,-0.08725008952734012,0.000717464035977396,-0.0668027293152181,0.009653696188834212,0.015605975186094684
negation,gpt2,3,delta_token_aligned,1500,-0.11199588202278471,1.3760394440962564e-05,-0.09552496536169229,0.000211343185615863,0.0003957266812788586
negation,gpt2,4,delta_token_aligned,1500,-0.12984705109200123,4.508279523093262e-07,-0.11610419997039498,6.537946644626035e-06,1.333228335374721e-05
negation,gpt2,5,delta_token_aligned,1500,-0.1247798809935487,1.2494382649332784e-06,-0.10896425620897264,2.344743018458656e-05,4.601005168296231e-05
negation,gpt2,6,delta_token_aligned,1500,-0.0961305422436647,0.0001925051644617292,-0.06864702936210412,0.007823132367056703,0.01305249892257589
negation,gpt2,7,delta_token_aligned,1500,-0.07053083459913947,0.0062803413493244635,-0.037824777323046996,0.1431256402958164,0.1793381516959627
negation,gpt2,8,delta_token_aligned,1500,-0.0778985158714308,0.0025355204866837067,-0.0497774994570655,0.05392208154852763,0.07282982442918016
negation,gpt2,9,delta_token_aligned,1500,-0.05785884039526297,0.025034334968133804,-0.02298904271760081,0.37360705541781386,0.41189187735108806
negation,gpt2,10,delta_token_aligned,1500,-0.0753622645454068,0.003494830458524315,-0.04774336711229814,0.06451481865913919,0.08638894172382587
negation,gpt2,11,delta_token_aligned,1500,-0.05722314867600665,0.026677019456973355,-0.022328138957118618,0.38750444274561735,0.4257091061149036
negation,gpt2,12,delta_token_aligned,1500,-0.09046615798528512,0.0004514662335215842,-0.069846966937156,0.0068055634793996525,0.011539868508547237
negation,roberta-base,0,delta_cos,1500,0.053109983550761526,0.039717246190151,0.005278429668677602,0.8381474359266303,0.8517980456322758
negation,roberta-base,1,delta_cos,1500,0.08964231466823809,0.0005090711408502532,0.05093500408330101,0.048570810531381355,0.06617507810389076
negation,roberta-base,2,delta_cos,1500,0.03853597688605976,0.1357510969696743,-0.006822200212312092,0.7917756960028216,0.8179934342810607
negation,roberta-base,3,delta_cos,1500,-0.015592148830019593,0.5462329256616111,-0.04411414396234667,0.08764736830042016,0.11346879215656054
negation,roberta-base,4,delta_cos,1500,-0.04647328472742732,0.07195949091636718,-0.0675882711522823,0.008831862654234421,0.014351776813130934
negation,roberta-base,5,delta_cos,1500,-0.04227110833812049,0.10173087803683244,-0.05813777766391385,0.02434161574563721,0.0358235099652774
negation,roberta-base,6,delta_cos,1500,-0.06599856757788773,0.010564888748594794,-0.07612142697931223,0.003177807846506445,0.00557009015792141
negation,roberta-base,7,delta_cos,1500,-0.05742225319511679,0.026152789595851263,-0.06857748607182448,0.007886080135939532,0.013087537246878373
negation,roberta-base,8,delta_cos,1500,-0.05495029896906697,0.03333296550684468,-0.06315733681710037,0.014426016244712408,0.022504585341751353
negation,roberta-base,9,delta_cos,1500,-0.04162009917614146,0.1071156824628616,-0.05057578349729437,0.05018167781114195,0.06807253685685342
negation,roberta-base,10,delta_cos,1500,-0.04944968791055629,0.055524010021058355,-0.054906430231839234,0.03347427692781903,0.04812891429253243
negation,roberta-base,11,delta_cos,1500,-0.012618817189853263,0.6253113678425888,-0.02633535865179996,0.3080650552883698,0.34920338893134645
negation,roberta-base,12,delta_cos,1500,-0.008894920765334132,0.7306820332013767,-0.02953177865708776,0.2530150632639453,0.2967695478885373
negation,roberta-base,0,delta_frob,1500,0.11758858949082578,4.96551834112722e-06,0.08752613879552462,0.00068990162359439,0.0012587678746283607
negation,roberta-base,1,delta_frob,1500,0.09774107331746368,0.0001497879585599843,0.05898719234928531,0.022333412232668257,0.0330238133487796
negation,roberta-base,2,delta_frob,1500,0.05046663549624088,0.05067990759540339,0.0062599582782949395,0.8085884700756263,0.8326059493848034
negation,roberta-base,3,delta_frob,1500,-0.004295246747105328,0.8679867510569432,-0.033722271815154053,0.19177695577629947,0.23102088881160399
negation,roberta-base,4,delta_frob,1500,-0.03815170515858695,0.13969840641486406,-0.06010290607918704,0.019915307875564642,0.030017275638532216
negation,roberta-base,5,delta_frob,1500,-0.03613678246539105,0.16185446238284176,-0.05284010723496556,0.040735514084948576,0.05724991168695475
negation,roberta-base,6,delta_frob,1500,-0.05878172938974113,0.02280549519577877,-0.06957801719941256,0.0070226990785135935,0.011780011357506674
negation,roberta-base,7,delta_frob,1500,-0.05419676123868666,0.03583239238061566,-0.06571072308696915,0.010909159036394162,0.01745465445823066
negation,roberta-base,8,delta_frob,1500,-0.05450185689219003,0.03480180663902883,-0.06329207210535576,0.014218069348437942,0.022291646415641398
negation,roberta-base,9,delta_frob,1500,-0.042697363017534254,0.09832332948447937,-0.051739310060527566,0.04512082718843969,0.06229069948138577
negation,roberta-base,10,delta_frob,1500,-0.04920594703279473,0.056740620180559045,-0.054765960486189924,0.03393021205455052,0.04856067046339341
negation,roberta-base,11,delta_frob,1500,-0.013198345241502651,0.6095150450199907,-0.0273971682492248,0.2889616503709242,0.33267909562999387
negation,roberta-base,12,delta_frob,1500,-0.002351890403360717,0.9274826480269562,-0.02300223423240476,0.37333284052426075,0.41189187735108806
negation,roberta-base,0,delta_l2,1500,0.03311592020608037,0.19989301577744056,-0.02570352030435216,0.3198201594910503,0.35893485525614277
negation,roberta-base,1,delta_l2,1500,0.07158835126818003,0.005539670682326081,0.02628938110499662,0.30891069020849876,0.34920338893134645
negation,roberta-base,2,delta_l2,1500,0.033508568015232026,0.1946093070485945,-0.014546406303423853,0.5734757323932034,0.6085864915193179
negation,roberta-base,3,delta_l2,1500,-0.01565705894588257,0.5445632946474717,-0.04454608960002066,0.08458506734400821,0.10996058754721066
negation,roberta-base,4,delta_l2,1500,-0.04385368862877979,0.0895366523142627,-0.06520501518031857,0.011538180305115938,0.018273666270031335
negation,roberta-base,5,delta_l2,1500,-0.04022587773489376,0.11940566879598764,-0.056217058032488366,0.02946683745195924,0.04296099665893123
negation,roberta-base,6,delta_l2,1500,-0.06454219520064708,0.012411210448290704,-0.07569868170436443,0.00335095580262533,0.0058407721252463855
negation,roberta-base,7,delta_l2,1500,-0.05325422445195458,0.03918191749079608,-0.065758422556685,0.01085142948714029,0.0174517835050916
negation,roberta-base,8,delta_l2,1500,-0.05117857276190713,0.04750342712315522,-0.060925246224498804,0.018282330553722827,0.027689743362920013
negation,roberta-base,9,delta_l2,1500,-0.0367675106977968,0.1546510380197954,-0.04650768238492881,0.07174898310866262,0.09485458783857093
negation,roberta-base,10,delta_l2,1500,-0.04841180517654254,0.06085917236588922,-0.05461385792018136,0.034429875519748375,0.04905078156238125
negation,roberta-base,11,delta_l2,1500,-0.010108049969866613,0.6956740034973713,-0.024006577467448394,0.35282195769527086,0.3917453765157456
negation,roberta-base,12,delta_l2,1500,-0.004263815580116587,0.8689440210473564,-0.026426894719011308,0.30638605179095085,0.34920338893134645
negation,roberta-base,0,delta_token_aligned,1500,-0.014557202089639237,0.5731912329742042,0.03420722044305064,0.18546219867243002,0.22427986816200843
negation,roberta-base,1,delta_token_aligned,1500,0.009335341106991062,0.7179031003542253,0.008678648786341643,0.7369849357861895,0.7664643332176371
negation,roberta-base,2,delta_token_aligned,1500,0.03203844273500931,0.2149282508975922,0.01916991436173983,0.4581498543453555,0.4946116074593457
negation,roberta-base,3,delta_token_aligned,1500,-0.017822723367136466,0.4903511374029897,-0.011269302712169447,0.6627582207708944,0.693894513021876
negation,roberta-base,4,delta_token_aligned,1500,-0.047128304228096406,0.068036698944636,-0.0322617353360346,0.21174736253109822,0.2531232839452208
negation,roberta-base,5,delta_token_aligned,1500,-0.06603672586821827,0.010519982680381786,-0.05200967257367386,0.04400850066362299,0.06102512092022388
negation,roberta-base,6,delta_token_aligned,1500,-0.0738746913327846,0.004200726118476274,-0.061031334239650514,0.01808043588754486,0.027517541448360956
negation,roberta-base,7,delta_token_aligned,1500,-0.09476168313188113,0.00023755364460152352,-0.08558170876300342,0.0009069995388042803,0.0016336614048380962
negation,roberta-base,8,delta_token_aligned,1500,-0.09888940602561072,0.00012496110897801494,-0.09028635258818385,0.0004634941495022806,0.0008556815067734412
negation,roberta-base,9,delta_token_aligned,1500,-0.10823356485967087,2.6606901070100542e-05,-0.09593887652037911,0.00019828979964297045,0.000374947984779435
negation,roberta-base,10,delta_token_aligned,1500,-0.09467927942983011,0.00024055871329563147,-0.08371125485249875,0.0011740227931132537,0.0020812222241553134
negation,roberta-base,11,delta_token_aligned,1500,-0.09314981893301144,0.00030322850783342267,-0.0865189070494266,0.000795485656759429,0.0014429739820287317
negation,roberta-base,12,delta_token_aligned,1500,-0.08433953482583968,0.0010771500361130763,-0.07533644704972024,0.0035061004895237447,0.006077240848507825
role_reversal,bert-base-uncased,0,delta_cos,1500,0.21857961011366103,1.1070252173413133e-17,0.13957420064401502,5.706350679990283e-08,1.2808499368035743e-07
role_reversal,bert-base-uncased,1,delta_cos,1500,0.21447655452242925,4.5560520879947364e-17,0.14359021313812398,2.329529587571567e-08,5.4647611377618715e-08
role_reversal,bert-base-uncased,2,delta_cos,1500,0.23629638632840205,1.7637054079645808e-20,0.16831994640133446,5.365345299046056e-11,1.4684102923704996e-10
role_reversal,bert-base-uncased,3,delta_cos,1500,0.265089273201246,1.5326178352835344e-25,0.20221635517754952,2.6345340521093264e-15,8.934506785414237e-15
role_reversal,bert-base-uncased,4,delta_cos,1500,0.3119430513830242,3.283809596269693e-35,0.261150347150071,8.245775467960865e-25,4.764225825932944e-24
role_reversal,bert-base-uncased,5,delta_cos,1500,0.31472258115624474,7.661186903079115e-36,0.2662060662943839,9.461910402022789e-26,6.149427970428545e-25
role_reversal,bert-base-uncased,6,delta_cos,1500,0.32260090865524926,1.1370636221350396e-37,0.2750768527719613,1.8906382791992223e-27,1.474996912448243e-26
role_reversal,bert-base-uncased,7,delta_cos,1500,0.32412574712765146,4.960440897299855e-38,0.27673994156913073,8.931301584933824e-28,8.19578263088045e-27
role_reversal,bert-base-uncased,8,delta_cos,1500,0.32776368242252013,6.723612404200351e-39,0.28165529359902336,9.442576515434205e-29,1.0158909906260248e-27
role_reversal,bert-base-uncased,9,delta_cos,1500,0.3297652364592596,2.2131319456824685e-39,0.28460854647362666,2.394639274407673e-29,3.113031056729975e-28
role_reversal,bert-base-uncased,10,delta_cos,1500,0.28140495229530466,1.059909831886137e-28,0.23070290738251312,1.4298598583116276e-19,6.028598321530105e-19
role_reversal,bert-base-uncased,11,delta_cos,1500,0.26516519156815177,1.4832930730068846e-25,0.2141007672490571,5.1789257406677333e-17,2.0197810388604163e-16
role_reversal,bert-base-uncased,12,delta_cos,1500,0.24371283424028142,1.010394985708279e-21,0.19208087533038637,6.236001928226188e-14,1.926368912481753e-13
role_reversal,bert-base-uncased,0,delta_frob,1500,0.18208764457391421,1.196030039060889e-12,0.10455048121110631,4.971352093202408e-05,9.694136581744696e-05
role_reversal,bert-base-uncased,1,delta_frob,1500,0.21778239058571558,1.46055571943936e-17,0.14542956245060878,1.5326208000937064e-08,3.678289920224895e-08
role_reversal,bert-base-uncased,2,delta_frob,1500,0.24775183181900604,2.0431566395655464e-22,0.1824220531841548,1.08632880581576e-12,3.138283216801085e-12
role_reversal,bert-base-uncased,3,delta_frob,1500,0.26104018410371954,8.639582336964184e-25,0.1985978672823976,8.314246706363819e-15,2.702130179568241e-14
role_reversal,bert-base-uncased,4,delta_frob,1500,0.3131034191570423,1.7919439903205703e-35,0.26362256801567746,2.877400510389287e-25,1.7602920769440344e-24
role_reversal,bert-base-uncased,5,delta_frob,1500,0.3175397622570753,1.724807754887359e-36,0.26971753201054566,2.0458908144161027e-26,1.4184842979951648e-25
role_reversal,bert-base-uncased,6,delta_frob,1500,0.32809160987075225,5.607683151256984e-39,0.28196206466821233,8.194660710134279e-29,9.640625522715285e-28
role_reversal,bert-base-uncased,7,delta_frob,1500,0.32861496306249094,4.1955784323494634e-39,0.2826637059890926,5.921635248899914e-29,7.390200790627092e-28
role_reversal,bert-base-uncased,8,delta_frob,1500,0.3263821508459944,1.4407846053464987e-38,0.28045799817808786,1.6391176963376308e-28,1.59813975392919e-27
role_reversal,bert-base-uncased,9,delta_frob,1500,0.32041275977599903,3.708074979768869e-37,0.27530420214972173,1.7069391787400217e-27,1.401486904649702e-26
role_reversal,bert-base-uncased,10,delta_frob,1500,0.2806844651238165,1.477051623405523e-28,0.23194987764035035,9.010213500716029e-20,3.904425850310279e-19
role_reversal,bert-base-uncased,11,delta_frob,1500,0.2635327177511112,2.990220086209779e-25,0.21372839069630675,5.878718975733864e-17,2.2522725780345134e-16
role_reversal,bert-base-uncased,12,delta_frob,1500,0.2525455002918005,2.950847339621542e-23,0.2016935008427484,3.114662207407772e-15,1.0449189340980912e-14
role_reversal,bert-base-uncased,0,delta_l2,1500,0.23226488624334876,8.01463474694684e-20,0.158269416111667,7.114363530635816e-10,1.7900656625470766e-09
role_reversal,bert-base-uncased,1,delta_l2,1500,0.22801206831811066,3.837709547858615e-19,0.1575670203867932,8.471956339190041e-10,2.114600302261834e-09
role_reversal,bert-base-uncased,2,delta_l2,1500,0.24684915310629713,2.9278160086439813e-22,0.18053970842157063,1.8625601291245622e-12,5.3313647732739765e-12
role_reversal,bert-base-uncased,3,delta_l2,1500,0.27037878372632207,1.5294190989203312e-26,0.20976144632461186,2.235195296697893e-16,8.109080611276076e-16
role_reversal,bert-base-uncased,4,delta_l2,1500,0.3118202564823377,3.500633521342243e-35,0.2634017718661078,3.162525163996153e-25,1.8975150983976918e-24
role_reversal,bert-base-uncased,5,delta_l2,1500,0.3135310792983414,1.432445075996309e-35,0.26605891440163965,1.0084035189709278e-25,6.2924379583785885e-25
role_reversal,bert-base-uncased,6,delta_l2,1500,0.3190088639600039,7.87554462306065e-37,0.27169907953552874,8.534546841575155e-27,6.051769578571473e-26
role_reversal,bert-base-uncased,7,delta_l2,1500,0.32132023547607547,2.273846623015269e-37,0.27387608105325295,3.238651428771847e-27,2.464534745797113e-26
role_reversal,bert-base-uncased,8,delta_l2,1500,0.3246637440702821,3.6975615597209395e-38,0.2784837473914988,4.045662806927362e-28,3.82499029018587e-27
role_reversal,bert-base-uncased,9,delta_l2,1500,0.32714748924819287,9.450315182435869e-39,0.2819113518235508,8.389050996394264e-29,9.640625522715285e-28
role_reversal,bert-base-uncased,10,delta_l2,1500,0.2832697451825188,4.469404760803196e-29,0.23259049867360831,7.09972471094307e-20,3.119879027907377e-19
role_reversal,bert-base-uncased,11,delta_l2,1500,0.2641046099913634,2.340348250538546e-25,0.2137080920747771,5.919434339706093e-17,2.2522725780345134e-16
role_reversal,bert-base-uncased,12,delta_l2,1500,0.26297143805401174,3.8009951094917037e-25,0.21277425712419448,8.125523778176738e-17,3.0544137575796895e-16
role_reversal,bert-base-uncased,0,delta_token_aligned,1500,-0.02454984100358812,0.3420300431644623,-0.05756516945913741,0.02578200578787926,0.03776519157661187
role_reversal,bert-base-uncased,1,delta_token_aligned,1500,0.09400377737253217,0.00026657054055850187,0.03751967721440172,0.1463818469172625,0.18268454495274358
role_reversal,bert-base-uncased,2,delta_token_aligned,1500,0.12736089694378938,7.470345158958972e-07,0.07222291652696752,0.0051339810120284435,0.008849735225154
role_reversal,bert-base-uncased,3,delta_token_aligned,1500,0.146658611943168,1.1552067030736645e-08,0.09551045069262948,0.00021181524286400442,0.0003957266812788586
role_reversal,bert-base-uncased,4,delta_token_aligned,1500,0.2173216301667334,1.7134302817035154e-17,0.18260251112348885,1.0312931412097252e-12,3.007135140723685e-12
role_reversal,bert-base-uncased,5,delta_token_aligned,1500,0.23058114699198148,1.4955946263078357e-19,0.19159052046352662,7.236278380338764e-14,2.2134498575153865e-13
role_reversal,bert-base-uncased,6,delta_token_aligned,1500,0.2359417118746936,2.0172651484836027e-20,0.1969418971873096,1.3966280101773195e-14,4.4464075426053437e-14
role_reversal,bert-base-uncased,7,delta_token_aligned,1500,0.22292895107526323,2.3943046723937373e-18,0.1847949097302412,5.460386190362868e-13,1.6225147537078234e-12
role_reversal,bert-base-uncased,8,delta_token_aligned,1500,0.22073132910930632,5.2112351674356635e-18,0.18337949408983606,8.239512848988607e-13,2.4252151027211746e-12
role_reversal,bert-base-uncased,9,delta_token_aligned,1500,0.22591710254779365,8.205783554532402e-19,0.19237621823462472,5.700445572798379e-14,1.778539018713094e-13
role_reversal,bert-base-uncased,10,delta_token_aligned,1500,0.21225870851792983,9.67221008595907e-17,0.17596275600041944,6.745668051401318e-12,1.87915038574751e-11
role_reversal,bert-base-uncased,11,delta_token_aligned,1500,0.20882053663220496,3.056290587326096e-16,0.17139717894544998,2.3545273574734128e-11,6.500995889661104e-11
role_reversal,bert-base-uncased,12,delta_token_aligned,1500,0.2051651341102645,1.0160841877233622e-15,0.16820119114480211,5.5369369970668734e-11,1.5021950809433605e-10
role_reversal,gpt2,0,delta_cos,1500,0.28320782487509427,4.5998979980121756e-29,0.2279867649746045,3.873273748632087e-19,1.5900808020700146e-18
role_reversal,gpt2,1,delta_cos,1500,0.23574857627096382,2.170149316857297e-20,0.16381207286722252,1.7446618188335386e-10,4.5361207289672e-10
role_reversal,gpt2,2,delta_cos,1500,0.2292276737576132,2.460625483206705e-19,0.160048098539026,4.555655840097534e-10,1.1746815058763889e-09
role_reversal,gpt2,3,delta_cos,1500,0.19936944622310118,6.519136240079479e-15,0.1325055697390803,2.5997900527057326e-07,5.632878447529087e-07
role_reversal,gpt2,4,delta_cos,1500,0.22262959395996007,2.6631835267519637e-18,0.1657902913219128,1.0440260999524838e-10,2.7604757897048725e-10
role_reversal,gpt2,5,delta_cos,1500,0.24020148969011082,3.960532702109191e-21,0.1966042327326615,1.5515635205105413e-14,4.8897759434271606e-14
role_reversal,gpt2,6,delta_cos,1500,0.263277571344916,3.335023097891703e-25,0.22511216909830375,1.0966156704867734e-18,4.443429729764588e-18
role_reversal,gpt2,7,delta_cos,1500,0.2886788419613268,3.517034342754856e-30,0.2576875656600669,3.535950011337962e-24,1.902097247478352e-23
role_reversal,gpt2,8,delta_cos,1500,0.27405051654096313,2.995569252506978e-27,0.24624543566955404,3.721230872542219e-22,1.8428952892590035e-21
role_reversal,gpt2,9,delta_cos,1500,0.2979902477442609,3.8752904779951115e-32,0.27201090787661497,7.432575508018962e-27,5.392938508143991e-26
role_reversal,gpt2,10,delta_cos,1500,0.28275422066829337,5.67820388272693e-29,0.2573695566592231,4.037348555530758e-24,2.1350046598738925e-23
role_reversal,gpt2,11,delta_cos,1500,0.28467998060454996,2.3159983601220487e-29,0.26008342125390094,1.2943623618779787e-24,7.211447444748739e-24
role_reversal,gpt2,12,delta_cos,1500,0.3296143583785484,2.407196941952596e-39,0.30567365927850654,8.268054264459395e-34,1.9843330234702548e-32
role_reversal,gpt2,0,delta_frob,1500,0.2626514406547544,4.357006725004543e-25,0.1976710754167952,1.1120806126376515e-14,3.577001558174714e-14
role_reversal,gpt2,1,delta_frob,1500,0.23091320373225827,1.3229782066379574e-19,0.15746177786437252,8.695991008428969e-10,2.1532930116109827e-09
role_reversal,gpt2,2,delta_frob,1500,0.23628490003210378,1.771400730527894e-20,0.16535784220885721,1.1686694362511084e-10,3.0640744883222337e-10
role_reversal,gpt2,3,delta_frob,1500,0.23147061333076568,1.0763602896311293e-19,0.15959025790014153,5.11197142239275e-10,1.3073238391692935e-09
role_reversal,gpt2,4,delta_frob,1500,0.25170855631305883,4.14915973068711e-23,0.1875306051708316,2.442554127465949e-13,7.327662382397847e-13
role_reversal,gpt2,5,delta_frob,1500,0.2804966693378076,1.6102465127732126e-28,0.2250265218644797,1.1309036244774369e-18,4.5236144979097476e-18
role_reversal,gpt2,6,delta_frob,1500,0.28238848792592325,6.72716615223349e-29,0.23065218523911532,1.456889208826048e-19,6.06065910871636e-19
role_reversal,gpt2,7,delta_frob,1500,0.3111649310569724,4.921743171324515e-35,0.26615873444780286,9.657755466378163e-26,6.149427970428545e-25
role_reversal,gpt2,8,delta_frob,1500,0.3113739083268912,4.415425454658853e-35,0.2695097372547013,2.2413842857001243e-26,1.52024325464878e-25
role_reversal,gpt2,9,delta_frob,1500,0.3152230219808584,5.8853784044211785e-36,0.2762338869235348,1.12268359001969e-27,9.729924446837313e-27
role_reversal,gpt2,10,delta_frob,1500,0.3179570354557603,1.3811236337376745e-36,0.28184461511713693,8.65184341782141e-29,9.640625522715285e-28
role_reversal,gpt2,11,delta_frob,1500,0.31697865206448717,2.3242020758319353e-36,0.28516093260614644,1.8492266105811998e-29,2.5085160978318884e-28
role_reversal,gpt2,12,delta_frob,1500,0.30611212406305877,6.614924487396536e-34,0.2807372276283928,1.4416356338719646e-28,1.4509365089292032e-27
role_reversal,gpt2,0,delta_l2,1500,0.28635132681028486,1.0573806793983704e-29,0.23356336109203582,4.937168189604234e-20,2.2005663930807442e-19
role_reversal,gpt2,1,delta_l2,1500,0.2385598573087414,7.445021511265808e-21,0.16623589588135798,9.291919733006083e-11,2.49920599715336e-10
role_reversal,gpt2,2,delta_l2,1500,0.22780389887465813,4.140146167238037e-19,0.15235633436095414,3.0206997672015034e-09,7.42093171155015e-09
role_reversal,gpt2,3,delta_l2,1500,0.2187539244519236,1.0417833039529692e-17,0.14129568284308747,3.898538090828245e-08,8.943705031900092e-08
role_reversal,gpt2,4,delta_l2,1500,0.24442633604450176,7.634467424752929e-22,0.17784410107748472,3.990881647535938e-12,1.1319591582101932e-11
role_reversal,gpt2,5,delta_l2,1500,0.2623233585966941,5.010631414481727e-25,0.20717481151177475,5.2637846247806145e-16,1.887702072335117e-15
role_reversal,gpt2,6,delta_l2,1500,0.2810603471941195,1.2423879210890101e-28,0.23183069409203727,9.417921700521302e-20,4.0251939322775977e-19
role_reversal,gpt2,7,delta_l2,1500,0.31037504839475893,7.412717523707374e-35,0.2681176836749565,4.12224652141285e-26,2.7364700312357644e-25
role_reversal,gpt2,8,delta_l2,1500,0.3012705901547958,7.605067299378807e-33,0.2627267114469334,4.2193832137363805e-25,2.483863325822171e-24
role_reversal,gpt2,9,delta_l2,1500,0.32272599104402205,1.0624545706647656e-37,0.28668976503141697,9.01568050201868e-30,1.278587416649922e-28
role_reversal,gpt2,10,delta_l2,1500,0.2983052227256867,3.3173912422068136e-32,0.2606093075884083,1.0366859566311413e-24,5.880836699434837e-24
role_reversal,gpt2,11,delta_l2,1500,0.29518278477501386,1.5356978107791632e-31,0.25963712245039916,1.5620755552246762e-24,8.550308302282438e-24
role_reversal,gpt2,12,delta_l2,1500,0.29293902583224124,4.5651143076135755e-31,0.2758071911358171,1.361002624910707e-27,1.1476562674922719e-26
role_reversal,gpt2,0,delta_token_aligned,1500,-0.039644583332491344,0.12484489362057907,-0.05346973297863429,0.03839350141723894,0.05444896564626613
role_reversal,gpt2,1,delta_token_aligned,1500,-0.09174493684444539,0.00037396042130470527,-0.12147185897980672,2.3800613763268327e-06,4.9505276627598115e-06
role_reversal,gpt2,2,delta_token_aligned,1500,-0.09972033850993549,0.00010947173125036187,-0.11731350414066416,5.2265425532574814e-06,1.0799213752426054e-05
role_reversal,gpt2,3,delta_token_aligned,1500,0.003070812888898318,0.9054075021805317,0.005298190427781702,0.8375499301825772,0.8517980456322758
role_reversal,gpt2,4,delta_token_aligned,1500,0.0295220777608352,0.25317105183436467,0.03664802701272712,0.15599662500526493,0.19161790158127032
role_reversal,gpt2,5,delta_token_aligned,1500,0.111784140722484,1.4288634705384565e-05,0.11040148692261914,1.8243353905805443e-05,3.602485075070442e-05
role_reversal,gpt2,6,delta_token_aligned,1500,0.11755634508207768,4.995456630575779e-06,0.11378655431629489,9.979608995929578e-06,2.0218428615130054e-05
role_reversal,gpt2,7,delta_token_aligned,1500,0.13554801284451304,1.36637000697996e-07,0.131391717528906,3.278500575929663e-07,7.006110819794897e-07
role_reversal,gpt2,8,delta_token_aligned,1500,0.14645244107445515,1.2115081167813323e-08,0.1431538385553651,2.5708223825678336e-08,5.985795398217643e-08
role_reversal,gpt2,9,delta_token_aligned,1500,0.14775252709246273,8.964452984332591e-09,0.14464427130080595,1.833775247078471e-08,4.334377856730931e-08
role_reversal,gpt2,10,delta_token_aligned,1500,0.14361561482397533,2.316181736597915e-08,0.13730758212168848,9.357866953925818e-08,2.085467492589182e-07
role_reversal,gpt2,11,delta_token_aligned,1500,0.14349160994204546,2.3820529723419395e-08,0.1370562827822902,9.880565086198306e-08,2.1863378063077103e-07
role_reversal,gpt2,12,delta_token_aligned,1500,0.18241867009209842,1.0873875923874587e-12,0.1895158225133225,1.3519876351608287e-13,4.0953411861182386e-13
role_reversal,roberta-base,0,delta_cos,1500,0.22094231915653853,4.838037594049675e-18,0.1458197100748837,1.4014315342819807e-08,3.389508827100605e-08
role_reversal,roberta-base,1,delta_cos,1500,0.26492498342876813,1.6449863440273282e-25,0.20102379497978096,3.856995380689452e-15,1.280194211462882e-14
role_reversal,roberta-base,2,delta_cos,1500,0.2936674613941471,3.2085565236307716e-31,0.24016763207174147,4.012618564657474e-21,1.8685626748852715e-20
role_reversal,roberta-base,3,delta_cos,1500,0.29751520945142446,4.8973200916556314e-32,0.24431788941174662,7.967157900882919e-22,3.883989476680423e-21
role_reversal,roberta-base,4,delta_cos,1500,0.29220108013718504,6.518358915620728e-31,0.2365238362192624,1.6179478045873627e-20,7.315937899003727e-20
role_reversal,roberta-base,5,delta_cos,1500,0.33525672429918074,1.0053175669465614e-40,0.2887373780511021,3.420547088968606e-30,5.336053458791026e-29
role_reversal,roberta-base,6,delta_cos,1500,0.36408972498521813,3.103666570247711e-48,0.32433908124248123,4.415212050357119e-38,2.7550923194228425e-36
role_reversal,roberta-base,7,delta_cos,1500,0.3672576276911982,4.151269633804391e-49,0.3273935077940657,8.250112647555033e-39,8.580117153457234e-37
role_reversal,roberta-base,8,delta_cos,1500,0.35776825313726834,1.6073361620018477e-46,0.31548157230030005,5.134772897682745e-36,1.7800546045300181e-34
role_reversal,roberta-base,9,delta_cos,1500,0.35011724929095156,1.6963495079825156e-44,0.30656547580914306,5.25028620396205e-34,1.365074413030133e-32
role_reversal,roberta-base,10,delta_cos,1500,0.34160523057921277,2.6040392113248686e-42,0.2969543285260926,6.452619816270624e-32,1.2582608641727718e-30
role_reversal,roberta-base,11,delta_cos,1500,0.3200474528206733,4.512730497037586e-37,0.2723410730946665,6.4192123664756596e-27,4.768557757953347e-26
role_reversal,roberta-base,12,delta_cos,1500,0.3277715116521221,6.694559394710755e-39,0.28126766864768077,1.1291825526046504e-28,1.1743498547088363e-27
role_reversal,roberta-base,0,delta_frob,1500,0.1943887271145912,3.079701438525515e-14,0.11720782784305299,5.330265363845367e-06,1.0941071009998385e-05
role_reversal,roberta-base,1,delta_frob,1500,0.267134208347971,6.326232153623528e-26,0.2024615847153311,2.435197854607643e-15,8.349249787226204e-15
role_reversal,roberta-base,2,delta_frob,1500,0.29452702721357904,2.113612089437303e-31,0.24009855200528815,4.120998267470597e-21,1.8908109697806267e-20
role_reversal,roberta-base,3,delta_frob,1500,0.30078345228505454,9.698474279491598e-33,0.24819383260119476,1.712245795094037e-22,8.6164627107958e-22
role_reversal,roberta-base,4,delta_frob,1500,0.2962160135588204,9.268278834452452e-32,0.241469676435759,2.4242696681961038e-21,1.1460183886017945e-20
role_reversal,roberta-base,5,delta_frob,1500,0.33502435255772844,1.1472984005625252e-40,0.28840685295421936,4.0019705416174674e-30,5.945784804688809e-29
role_reversal,roberta-base,6,delta_frob,1500,0.3632837408063824,5.1593631618927947e-48,0.3235487330589805,6.793474719323187e-38,3.532606854048057e-36
role_reversal,roberta-base,7,delta_frob,1500,0.36827394865939905,2.1666891020046763e-49,0.3287919586121733,3.8029987703251343e-39,5.93267808170721e-37
role_reversal,roberta-base,8,delta_frob,1500,0.3591511781908457,6.829588835999903e-47,0.3171802851664717,2.0881346108084888e-36,9.307114265317836e-35
role_reversal,roberta-base,9,delta_frob,1500,0.35333351211291025,2.4306853324704425e-45,0.3103766435113897,7.406598856862175e-35,2.3108588433409986e-33
role_reversal,roberta-base,10,delta_frob,1500,0.3433108344476751,9.616646685681952e-43,0.29892747735839525,2.4388397939862492e-32,5.072786771491398e-31
role_reversal,roberta-base,11,delta_frob,1500,0.3237751178585634,6.005443513369766e-38,0.2765117810281787,9.902169862888448e-28,8.827077134917702e-27
role_reversal,roberta-base,12,delta_frob,1500,0.33492218552505026,1.2158668987661018e-40,0.2896476648755177,2.2174668125137174e-30,3.641313923706736e-29
role_reversal,roberta-base,0,delta_l2,1500,0.2453586438255981,5.286256684082175e-22,0.1773220456871403,4.619275341497964e-12,1.2983909067994277e-11
role_reversal,roberta-base,1,delta_l2,1500,0.272716466403648,5.432462155467714e-27,0.21225432666649086,9.686526434128657e-17,3.5978526755335016e-16
role_reversal,roberta-base,2,delta_l2,1500,0.29953465084648123,1.8050569578253232e-32,0.24828588536362056,1.6503108619852877e-22,8.440934244908357e-22
role_reversal,roberta-base,3,delta_l2,1500,0.3023862402809771,4.350027053839461e-33,0.2503641045520396,7.154506798314751e-23,3.7203435351236703e-22
role_reversal,roberta-base,4,delta_l2,1500,0.29636069990874725,8.634095649133496e-32,0.24152308497304648,2.374522098698904e-21,1.1397706073754739e-20
role_reversal,roberta-base,5,delta_l2,1500,0.33850594645044374,1.566307521815081e-41,0.2928498397742266,4.766185592925557e-31,8.261388361070965e-30
role_reversal,roberta-base,6,delta_l2,1500,0.3658103611532572,1.0436403354072397e-48,0.32681996783686723,1.1321128274367492e-38,8.830480054006643e-37
role_reversal,roberta-base,7,delta_l2,1500,0.3698255296941651,7.993296230315073e-50,0.3307465749064628,1.2795992403331823e-39,3.992349629839529e-37
role_reversal,roberta-base,8,delta_l2,1500,0.3584925587627076,1.0271943543847708e-46,0.31656912240552415,2.8882808031158814e-36,1.1264295132151937e-34
role_reversal,roberta-base,9,delta_l2,1500,0.35234635682719034,4.4233689355380216e-45,0.3093873214339184,1.234871714844004e-34,3.502545227557538e-33
role_reversal,roberta-base,10,delta_l2,1500,0.3442930674832722,5.403229462029145e-43,0.30019702036749357,1.2988528848073003e-32,2.8945864289991264e-31
role_reversal,roberta-base,11,delta_l2,1500,0.32243719404919474,1.2426287381948712e-37,0.275076401541162,1.8910216826259524e-27,1.474996912448243e-26
role_reversal,roberta-base,12,delta_l2,1500,0.3405319343115264,4.858516173300681e-42,0.2964326496922276,8.334946964417232e-32,1.5297079134695156e-30
role_reversal,roberta-base,0,delta_token_aligned,1500,-0.026905149095918957,0.2977123242278944,-0.04494975151991337,0.08180201447112334,0.10678756700832837
role_reversal,roberta-base,1,delta_token_aligned,1500,0.07470387214675724,0.003792766358370269,0.01662069343752117,0.5200784504857937,0.5557002621629029
role_reversal,roberta-base,2,delta_token_aligned,1500,0.1055462420365715,4.206669224515045e-05,0.06260356195259147,0.015309099892789134,0.02352925697807985
role_reversal,roberta-base,3,delta_token_aligned,1500,0.19558562429829202,2.128618945214551e-14,0.15879448885670713,6.240440687224479e-10,1.582941052369136e-09
role_reversal,roberta-base,4,delta_token_aligned,1500,0.16537238982969227,1.1642495795077841e-10,0.12293715921561585,1.7926908780969992e-06,3.753822509840696e-06
role_reversal,roberta-base,5,delta_token_aligned,1500,0.1858576342033491,4.000676717068486e-13,0.14520361253379044,1.613967058849648e-08,3.8439520790922915e-08
role_reversal,roberta-base,6,delta_token_aligned,1500,0.2078228742864378,4.251681117090567e-16,0.16589171690391108,1.0167281988983651e-10,2.7112751970623067e-10
role_reversal,roberta-base,7,delta_token_aligned,1500,0.237775386480381,1.004903009304212e-20,0.19946876768050342,6.317731823683719e-15,2.074876135778232e-14
role_reversal,roberta-base,8,delta_token_aligned,1500,0.24564984770957646,4.711402564660188e-22,0.20653084350755196,6.503472225486447e-16,2.3057765163088315e-15
role_reversal,roberta-base,9,delta_token_aligned,1500,0.24752169483245665,2.239729293947825e-22,0.21007355264550912,2.0141875427896164e-16,7.393253098239533e-16
role_reversal,roberta-base,10,delta_token_aligned,1500,0.24284925926116613,1.4167004536369623e-21,0.20446501835980013,1.275685087166551e-15,4.4720645752355494e-15
role_reversal,roberta-base,11,delta_token_aligned,1500,0.24280394717481135,1.4419961676349867e-21,0.20420747922772978,1.3867637157469734e-15,4.807447547922842e-15
role_reversal,roberta-base,12,delta_token_aligned,1500,0.2646230109793205,1.8732093974419366e-25,0.22366012025336934,1.8450268256512464e-18,7.286688222825176e-18
